factory_id,intervention_id,electricity_emission,diesel_emission,raw_material_emission,waste_emission,transport_emission,cost,savings,feasibility,co2_reduction
1,renewable_electricity,107418.2,15686.2,49217.0,9597.06,3207.92,50000,18000,0.9,31923.84
1,energy_efficiency,107418.2,15686.2,49217.0,9597.06,3207.92,25000,12000,0.95,15803.63
1,recycled_material,107418.2,15686.2,49217.0,9597.06,3207.92,15000,7000,0.8,10036.07
1,material_efficiency,107418.2,15686.2,49217.0,9597.06,3207.92,20000,9000,0.85,13154.08
1,waste_recovery,107418.2,15686.2,49217.0,9597.06,3207.92,10000,3000,0.85,2706.54
1,transport_optimization,107418.2,15686.2,49217.0,9597.06,3207.92,12000,5000,0.75,473.73
2,renewable_electricity,111992.16,21596.59,42645.13,4828.21,27145.84,50000,18000,0.9,33385.11
2,energy_efficiency,111992.16,21596.59,42645.13,4828.21,27145.84,25000,12000,0.95,20571.23
2,recycled_material,111992.16,21596.59,42645.13,4828.21,27145.84,15000,7000,0.8,7920.04
2,material_efficiency,111992.16,21596.59,42645.13,4828.21,27145.84,20000,9000,0.85,10726.39
2,waste_recovery,111992.16,21596.59,42645.13,4828.21,27145.84,10000,3000,0.85,1313.84
2,transport_optimization,111992.16,21596.59,42645.13,4828.21,27145.84,12000,5000,0.75,4763.37
3,renewable_electricity,21931.15,16272.08,13328.03,8876.28,12329.04,50000,18000,0.9,6688.33
3,energy_efficiency,21931.15,16272.08,13328.03,8876.28,12329.04,25000,12000,0.95,4417.47
3,recycled_material,21931.15,16272.08,13328.03,8876.28,12329.04,15000,7000,0.8,2619.35
3,material_efficiency,21931.15,16272.08,13328.03,8876.28,12329.04,20000,9000,0.85,3418.56
3,waste_recovery,21931.15,16272.08,13328.03,8876.28,12329.04,10000,3000,0.85,2432.15
3,transport_optimization,21931.15,16272.08,13328.03,8876.28,12329.04,12000,5000,0.75,2259.19
4,renewable_electricity,76138.02,20907.26,20770.83,6073.8,3471.13,50000,18000,0.9,23501.53
4,energy_efficiency,76138.02,20907.26,20770.83,6073.8,3471.13,25000,12000,0.95,13590.6
4,recycled_material,76138.02,20907.26,20770.83,6073.8,3471.13,15000,7000,0.8,4504.7
4,material_efficiency,76138.02,20907.26,20770.83,6073.8,3471.13,20000,9000,0.85,5320.72
4,waste_recovery,76138.02,20907.26,20770.83,6073.8,3471.13,10000,3000,0.85,1523.54
4,transport_optimization,76138.02,20907.26,20770.83,6073.8,3471.13,12000,5000,0.75,497.87
5,renewable_electricity,108151.44,8162.36,4044.18,3615.98,8066.74,50000,18000,0.9,31057.72
5,energy_efficiency,108151.44,8162.36,4044.18,3615.98,8066.74,25000,12000,0.95,19925.04
5,recycled_material,108151.44,8162.36,4044.18,3615.98,8066.74,15000,7000,0.8,844.88
5,material_efficiency,108151.44,8162.36,4044.18,3615.98,8066.74,20000,9000,0.85,808.47
5,waste_recovery,108151.44,8162.36,4044.18,3615.98,8066.74,10000,3000,0.85,1183.57
5,transport_optimization,108151.44,8162.36,4044.18,3615.98,8066.74,12000,5000,0.75,1161.03
6,renewable_electricity,23395.92,22021.63,23755.2,4815.28,8195.31,50000,18000,0.9,5771.44
6,energy_efficiency,23395.92,22021.63,23755.2,4815.28,8195.31,25000,12000,0.95,3378.69
6,recycled_material,23395.92,22021.63,23755.2,4815.28,8195.31,15000,7000,0.8,5010.75
6,material_efficiency,23395.92,22021.63,23755.2,4815.28,8195.31,20000,9000,0.85,5763.75
6,waste_recovery,23395.92,22021.63,23755.2,4815.28,8195.31,10000,3000,0.85,1618.66
6,transport_optimization,23395.92,22021.63,23755.2,4815.28,8195.31,12000,5000,0.75,1266.08
7,renewable_electricity,16467.23,27821.32,23887.57,2567.73,8185.97,50000,18000,0.9,3806.53
7,energy_efficiency,16467.23,27821.32,23887.57,2567.73,8185.97,25000,12000,0.95,3063.2
7,recycled_material,16467.23,27821.32,23887.57,2567.73,8185.97,15000,7000,0.8,4688.02
7,material_efficiency,16467.23,27821.32,23887.57,2567.73,8185.97,20000,9000,0.85,5791.89
7,waste_recovery,16467.23,27821.32,23887.57,2567.73,8185.97,10000,3000,0.85,683.25
7,transport_optimization,16467.23,27821.32,23887.57,2567.73,8185.97,12000,5000,0.75,1296.54
8,renewable_electricity,48409.68,5853.27,6840.47,7997.58,5276.34,50000,18000,0.9,12884.66
8,energy_efficiency,48409.68,5853.27,6840.47,7997.58,5276.34,25000,12000,0.95,8790.04
8,recycled_material,48409.68,5853.27,6840.47,7997.58,5276.34,15000,7000,0.8,1452.09
8,material_efficiency,48409.68,5853.27,6840.47,7997.58,5276.34,20000,9000,0.85,1866.96
8,waste_recovery,48409.68,5853.27,6840.47,7997.58,5276.34,10000,3000,0.85,2739.23
8,transport_optimization,48409.68,5853.27,6840.47,7997.58,5276.34,12000,5000,0.75,876.78
9,renewable_electricity,50919.05,7487.63,14771.67,5392.42,9638.29,50000,18000,0.9,15772.9
9,energy_efficiency,50919.05,7487.63,14771.67,5392.42,9638.29,25000,12000,0.95,7385.23
9,recycled_material,50919.05,7487.63,14771.67,5392.42,9638.29,15000,7000,0.8,2499.66
9,material_efficiency,50919.05,7487.63,14771.67,5392.42,9638.29,20000,9000,0.85,3374.72
9,waste_recovery,50919.05,7487.63,14771.67,5392.42,9638.29,10000,3000,0.85,1738.43
9,transport_optimization,50919.05,7487.63,14771.67,5392.42,9638.29,12000,5000,0.75,1288.47
10,renewable_electricity,34385.24,2277.77,30794.45,4931.41,22756.1,50000,18000,0.9,9580.18
10,energy_efficiency,34385.24,2277.77,30794.45,4931.41,22756.1,25000,12000,0.95,5720.33
10,recycled_material,34385.24,2277.77,30794.45,4931.41,22756.1,15000,7000,0.8,5405.54
10,material_efficiency,34385.24,2277.77,30794.45,4931.41,22756.1,20000,9000,0.85,6436.87
10,waste_recovery,34385.24,2277.77,30794.45,4931.41,22756.1,10000,3000,0.85,1356.09
10,transport_optimization,34385.24,2277.77,30794.45,4931.41,22756.1,12000,5000,0.75,4607.81
11,renewable_electricity,112651.86,28215.04,27705.58,4046.74,20355.87,50000,18000,0.9,31071.48
11,energy_efficiency,112651.86,28215.04,27705.58,4046.74,20355.87,25000,12000,0.95,22088.23
11,recycled_material,112651.86,28215.04,27705.58,4046.74,20355.87,15000,7000,0.8,5698.66
11,material_efficiency,112651.86,28215.04,27705.58,4046.74,20355.87,20000,9000,0.85,6613.14
11,waste_recovery,112651.86,28215.04,27705.58,4046.74,20355.87,10000,3000,0.85,1064.49
11,transport_optimization,112651.86,28215.04,27705.58,4046.74,20355.87,12000,5000,0.75,3016.02
12,renewable_electricity,34754.25,20111.47,41529.84,5175.33,3438.5,50000,18000,0.9,8989.18
12,energy_efficiency,34754.25,20111.47,41529.84,5175.33,3438.5,25000,12000,0.95,5520.4
12,recycled_material,34754.25,20111.47,41529.84,5175.33,3438.5,15000,7000,0.8,7796.45
12,material_efficiency,34754.25,20111.47,41529.84,5175.33,3438.5,20000,9000,0.85,9662.67
12,waste_recovery,34754.25,20111.47,41529.84,5175.33,3438.5,10000,3000,0.85,1765.35
12,transport_optimization,34754.25,20111.47,41529.84,5175.33,3438.5,12000,5000,0.75,591.18
13,renewable_electricity,20171.33,29262.45,21482.03,3861.15,13079.6,50000,18000,0.9,6373.23
13,energy_efficiency,20171.33,29262.45,21482.03,3861.15,13079.6,25000,12000,0.95,4025.83
13,recycled_material,20171.33,29262.45,21482.03,3861.15,13079.6,15000,7000,0.8,4424.45
13,material_efficiency,20171.33,29262.45,21482.03,3861.15,13079.6,20000,9000,0.85,4575.29
13,waste_recovery,20171.33,29262.45,21482.03,3861.15,13079.6,10000,3000,0.85,1276.04
13,transport_optimization,20171.33,29262.45,21482.03,3861.15,13079.6,12000,5000,0.75,1985.63
14,renewable_electricity,107137.44,15992.42,43352.53,343.12,3487.71,50000,18000,0.9,29218.88
14,energy_efficiency,107137.44,15992.42,43352.53,343.12,3487.71,25000,12000,0.95,17755.39
14,recycled_material,107137.44,15992.42,43352.53,343.12,3487.71,15000,7000,0.8,11064.87
14,material_efficiency,107137.44,15992.42,43352.53,343.12,3487.71,20000,9000,0.85,9561.5
14,waste_recovery,107137.44,15992.42,43352.53,343.12,3487.71,10000,3000,0.85,19.74
14,transport_optimization,107137.44,15992.42,43352.53,343.12,3487.71,12000,5000,0.75,661.71
15,renewable_electricity,33128.86,23275.65,42173.74,1391.13,2191.05,50000,18000,0.9,9150.49
15,energy_efficiency,33128.86,23275.65,42173.74,1391.13,2191.05,25000,12000,0.95,5502.0
15,recycled_material,33128.86,23275.65,42173.74,1391.13,2191.05,15000,7000,0.8,9775.02
15,material_efficiency,33128.86,23275.65,42173.74,1391.13,2191.05,20000,9000,0.85,9383.34
15,waste_recovery,33128.86,23275.65,42173.74,1391.13,2191.05,10000,3000,0.85,357.29
15,transport_optimization,33128.86,23275.65,42173.74,1391.13,2191.05,12000,5000,0.75,315.42
16,renewable_electricity,11154.05,18167.81,34401.66,4790.7,8302.04,50000,18000,0.9,3353.77
16,energy_efficiency,11154.05,18167.81,34401.66,4790.7,8302.04,25000,12000,0.95,1716.48
16,recycled_material,11154.05,18167.81,34401.66,4790.7,8302.04,15000,7000,0.8,7174.93
16,material_efficiency,11154.05,18167.81,34401.66,4790.7,8302.04,20000,9000,0.85,7655.23
16,waste_recovery,11154.05,18167.81,34401.66,4790.7,8302.04,10000,3000,0.85,1401.48
16,transport_optimization,11154.05,18167.81,34401.66,4790.7,8302.04,12000,5000,0.75,1317.93
17,renewable_electricity,12554.69,31822.97,6699.13,11597.19,25868.65,50000,18000,0.9,3883.49
17,energy_efficiency,12554.69,31822.97,6699.13,11597.19,25868.65,25000,12000,0.95,2301.42
17,recycled_material,12554.69,31822.97,6699.13,11597.19,25868.65,15000,7000,0.8,1167.61
17,material_efficiency,12554.69,31822.97,6699.13,11597.19,25868.65,20000,9000,0.85,1762.52
17,waste_recovery,12554.69,31822.97,6699.13,11597.19,25868.65,10000,3000,0.85,3399.13
17,transport_optimization,12554.69,31822.97,6699.13,11597.19,25868.65,12000,5000,0.75,4427.13
18,renewable_electricity,20228.7,14262.88,20568.71,2752.64,9123.1,50000,18000,0.9,5352.31
18,energy_efficiency,20228.7,14262.88,20568.71,2752.64,9123.1,25000,12000,0.95,3742.58
18,recycled_material,20228.7,14262.88,20568.71,2752.64,9123.1,15000,7000,0.8,4847.46
18,material_efficiency,20228.7,14262.88,20568.71,2752.64,9123.1,20000,9000,0.85,5271.49
18,waste_recovery,20228.7,14262.88,20568.71,2752.64,9123.1,10000,3000,0.85,921.77
18,transport_optimization,20228.7,14262.88,20568.71,2752.64,9123.1,12000,5000,0.75,1639.82
19,renewable_electricity,70135.44,20485.68,16003.21,9362.14,5777.93,50000,18000,0.9,21837.11
19,energy_efficiency,70135.44,20485.68,16003.21,9362.14,5777.93,25000,12000,0.95,13847.51
19,recycled_material,70135.44,20485.68,16003.21,9362.14,5777.93,15000,7000,0.8,3592.79
19,material_efficiency,70135.44,20485.68,16003.21,9362.14,5777.93,20000,9000,0.85,4327.0
19,waste_recovery,70135.44,20485.68,16003.21,9362.14,5777.93,10000,3000,0.85,3122.51
19,transport_optimization,70135.44,20485.68,16003.21,9362.14,5777.93,12000,5000,0.75,1005.7
20,renewable_electricity,99799.05,29425.73,13883.32,7370.1,2927.28,50000,18000,0.9,26917.62
20,energy_efficiency,99799.05,29425.73,13883.32,7370.1,2927.28,25000,12000,0.95,14924.14
20,recycled_material,99799.05,29425.73,13883.32,7370.1,2927.28,15000,7000,0.8,2810.52
20,material_efficiency,99799.05,29425.73,13883.32,7370.1,2927.28,20000,9000,0.85,3967.7
20,waste_recovery,99799.05,29425.73,13883.32,7370.1,2927.28,10000,3000,0.85,2211.74
20,transport_optimization,99799.05,29425.73,13883.32,7370.1,2927.28,12000,5000,0.75,335.85
21,renewable_electricity,14333.59,19075.97,20438.18,8849.55,16099.46,50000,18000,0.9,4543.44
21,energy_efficiency,14333.59,19075.97,20438.18,8849.55,16099.46,25000,12000,0.95,2216.81
21,recycled_material,14333.59,19075.97,20438.18,8849.55,16099.46,15000,7000,0.8,3813.33
21,material_efficiency,14333.59,19075.97,20438.18,8849.55,16099.46,20000,9000,0.85,4693.38
21,waste_recovery,14333.59,19075.97,20438.18,8849.55,16099.46,10000,3000,0.85,2588.82
21,transport_optimization,14333.59,19075.97,20438.18,8849.55,16099.46,12000,5000,0.75,2573.84
22,renewable_electricity,120015.7,25172.36,26088.93,4877.79,26284.28,50000,18000,0.9,39150.57
22,energy_efficiency,120015.7,25172.36,26088.93,4877.79,26284.28,25000,12000,0.95,23505.24
22,recycled_material,120015.7,25172.36,26088.93,4877.79,26284.28,15000,7000,0.8,5253.77
22,material_efficiency,120015.7,25172.36,26088.93,4877.79,26284.28,20000,9000,0.85,6653.13
22,waste_recovery,120015.7,25172.36,26088.93,4877.79,26284.28,10000,3000,0.85,1326.05
22,transport_optimization,120015.7,25172.36,26088.93,4877.79,26284.28,12000,5000,0.75,3315.97
23,renewable_electricity,64196.34,11210.6,52863.28,10798.65,3687.97,50000,18000,0.9,19565.52
23,energy_efficiency,64196.34,11210.6,52863.28,10798.65,3687.97,25000,12000,0.95,13399.17
23,recycled_material,64196.34,11210.6,52863.28,10798.65,3687.97,15000,7000,0.8,11630.48
23,material_efficiency,64196.34,11210.6,52863.28,10798.65,3687.97,20000,9000,0.85,13861.33
23,waste_recovery,64196.34,11210.6,52863.28,10798.65,3687.97,10000,3000,0.85,3711.32
23,transport_optimization,64196.34,11210.6,52863.28,10798.65,3687.97,12000,5000,0.75,534.26
24,renewable_electricity,80332.72,5746.73,38852.4,6736.05,1180.35,50000,18000,0.9,17066.15
24,energy_efficiency,80332.72,5746.73,38852.4,6736.05,1180.35,25000,12000,0.95,13981.69
24,recycled_material,80332.72,5746.73,38852.4,6736.05,1180.35,15000,7000,0.8,8189.72
24,material_efficiency,80332.72,5746.73,38852.4,6736.05,1180.35,20000,9000,0.85,10000.46
24,waste_recovery,80332.72,5746.73,38852.4,6736.05,1180.35,10000,3000,0.85,2295.83
24,transport_optimization,80332.72,5746.73,38852.4,6736.05,1180.35,12000,5000,0.75,204.55
25,renewable_electricity,17363.06,14014.55,33633.89,6811.32,19144.07,50000,18000,0.9,4972.54
25,energy_efficiency,17363.06,14014.55,33633.89,6811.32,19144.07,25000,12000,0.95,3119.7
25,recycled_material,17363.06,14014.55,33633.89,6811.32,19144.07,15000,7000,0.8,6998.53
25,material_efficiency,17363.06,14014.55,33633.89,6811.32,19144.07,20000,9000,0.85,6468.33
25,waste_recovery,17363.06,14014.55,33633.89,6811.32,19144.07,10000,3000,0.85,1749.46
25,transport_optimization,17363.06,14014.55,33633.89,6811.32,19144.07,12000,5000,0.75,3522.21
26,renewable_electricity,16184.18,6581.19,51027.41,5784.27,20516.57,50000,18000,0.9,4717.87
26,energy_efficiency,16184.18,6581.19,51027.41,5784.27,20516.57,25000,12000,0.95,3219.74
26,recycled_material,16184.18,6581.19,51027.41,5784.27,20516.57,15000,7000,0.8,11261.21
26,material_efficiency,16184.18,6581.19,51027.41,5784.27,20516.57,20000,9000,0.85,13647.98
26,waste_recovery,16184.18,6581.19,51027.41,5784.27,20516.57,10000,3000,0.85,1540.89
26,transport_optimization,16184.18,6581.19,51027.41,5784.27,20516.57,12000,5000,0.75,3788.57
27,renewable_electricity,19332.99,5051.52,15112.68,3850.05,11349.34,50000,18000,0.9,5722.9
27,energy_efficiency,19332.99,5051.52,15112.68,3850.05,11349.34,25000,12000,0.95,2923.74
27,recycled_material,19332.99,5051.52,15112.68,3850.05,11349.34,15000,7000,0.8,2849.31
27,material_efficiency,19332.99,5051.52,15112.68,3850.05,11349.34,20000,9000,0.85,3055.76
27,waste_recovery,19332.99,5051.52,15112.68,3850.05,11349.34,10000,3000,0.85,1209.92
27,transport_optimization,19332.99,5051.52,15112.68,3850.05,11349.34,12000,5000,0.75,1914.56
28,renewable_electricity,86994.2,20082.28,33455.3,3919.9,20083.89,50000,18000,0.9,23865.49
28,energy_efficiency,86994.2,20082.28,33455.3,3919.9,20083.89,25000,12000,0.95,15295.47
28,recycled_material,86994.2,20082.28,33455.3,3919.9,20083.89,15000,7000,0.8,7212.13
28,material_efficiency,86994.2,20082.28,33455.3,3919.9,20083.89,20000,9000,0.85,9015.01
28,waste_recovery,86994.2,20082.28,33455.3,3919.9,20083.89,10000,3000,0.85,1137.29
28,transport_optimization,86994.2,20082.28,33455.3,3919.9,20083.89,12000,5000,0.75,2778.02
29,renewable_electricity,57757.1,4072.89,4232.69,9453.67,1738.9,50000,18000,0.9,15099.83
29,energy_efficiency,57757.1,4072.89,4232.69,9453.67,1738.9,25000,12000,0.95,8229.18
29,recycled_material,57757.1,4072.89,4232.69,9453.67,1738.9,15000,7000,0.8,596.89
29,material_efficiency,57757.1,4072.89,4232.69,9453.67,1738.9,20000,9000,0.85,1211.1
29,waste_recovery,57757.1,4072.89,4232.69,9453.67,1738.9,10000,3000,0.85,2439.36
29,transport_optimization,57757.1,4072.89,4232.69,9453.67,1738.9,12000,5000,0.75,98.25
30,renewable_electricity,122319.39,31709.02,41226.11,4034.63,18416.8,50000,18000,0.9,33279.54
30,energy_efficiency,122319.39,31709.02,41226.11,4034.63,18416.8,25000,12000,0.95,20236.69
30,recycled_material,122319.39,31709.02,41226.11,4034.63,18416.8,15000,7000,0.8,8720.57
30,material_efficiency,122319.39,31709.02,41226.11,4034.63,18416.8,20000,9000,0.85,9457.79
30,waste_recovery,122319.39,31709.02,41226.11,4034.63,18416.8,10000,3000,0.85,1329.29
30,transport_optimization,122319.39,31709.02,41226.11,4034.63,18416.8,12000,5000,0.75,3615.44
31,renewable_electricity,20860.7,13721.01,19834.05,1031.68,18628.02,50000,18000,0.9,5674.05
31,energy_efficiency,20860.7,13721.01,19834.05,1031.68,18628.02,25000,12000,0.95,3255.14
31,recycled_material,20860.7,13721.01,19834.05,1031.68,18628.02,15000,7000,0.8,2959.09
31,material_efficiency,20860.7,13721.01,19834.05,1031.68,18628.02,20000,9000,0.85,4302.93
31,waste_recovery,20860.7,13721.01,19834.05,1031.68,18628.02,10000,3000,0.85,197.82
31,transport_optimization,20860.7,13721.01,19834.05,1031.68,18628.02,12000,5000,0.75,2137.39
32,renewable_electricity,88489.1,16906.32,28458.99,7004.88,16647.01,50000,18000,0.9,24723.67
32,energy_efficiency,88489.1,16906.32,28458.99,7004.88,16647.01,25000,12000,0.95,15667.19
32,recycled_material,88489.1,16906.32,28458.99,7004.88,16647.01,15000,7000,0.8,5788.58
32,material_efficiency,88489.1,16906.32,28458.99,7004.88,16647.01,20000,9000,0.85,7514.27
32,waste_recovery,88489.1,16906.32,28458.99,7004.88,16647.01,10000,3000,0.85,2280.49
32,transport_optimization,88489.1,16906.32,28458.99,7004.88,16647.01,12000,5000,0.75,2632.66
33,renewable_electricity,64811.71,17055.04,6385.16,5032.85,23876.53,50000,18000,0.9,17266.7
33,energy_efficiency,64811.71,17055.04,6385.16,5032.85,23876.53,25000,12000,0.95,10431.56
33,recycled_material,64811.71,17055.04,6385.16,5032.85,23876.53,15000,7000,0.8,1493.32
33,material_efficiency,64811.71,17055.04,6385.16,5032.85,23876.53,20000,9000,0.85,1305.26
33,waste_recovery,64811.71,17055.04,6385.16,5032.85,23876.53,10000,3000,0.85,1306.47
33,transport_optimization,64811.71,17055.04,6385.16,5032.85,23876.53,12000,5000,0.75,4120.93
34,renewable_electricity,125714.21,20247.7,26013.14,9767.59,24129.94,50000,18000,0.9,39537.5
34,energy_efficiency,125714.21,20247.7,26013.14,9767.59,24129.94,25000,12000,0.95,26465.76
34,recycled_material,125714.21,20247.7,26013.14,9767.59,24129.94,15000,7000,0.8,5106.26
34,material_efficiency,125714.21,20247.7,26013.14,9767.59,24129.94,20000,9000,0.85,6434.48
34,waste_recovery,125714.21,20247.7,26013.14,9767.59,24129.94,10000,3000,0.85,3164.19
34,transport_optimization,125714.21,20247.7,26013.14,9767.59,24129.94,12000,5000,0.75,4274.73
35,renewable_electricity,90966.14,11014.15,7047.77,585.45,19484.51,50000,18000,0.9,29510.35
35,energy_efficiency,90966.14,11014.15,7047.77,585.45,19484.51,25000,12000,0.95,19424.79
35,recycled_material,90966.14,11014.15,7047.77,585.45,19484.51,15000,7000,0.8,1668.47
35,material_efficiency,90966.14,11014.15,7047.77,585.45,19484.51,20000,9000,0.85,1652.31
35,waste_recovery,90966.14,11014.15,7047.77,585.45,19484.51,10000,3000,0.85,236.16
35,transport_optimization,90966.14,11014.15,7047.77,585.45,19484.51,12000,5000,0.75,2191.83
36,renewable_electricity,11762.51,4626.28,37827.5,9529.31,21589.27,50000,18000,0.9,3656.02
36,energy_efficiency,11762.51,4626.28,37827.5,9529.31,21589.27,25000,12000,0.95,1722.44
36,recycled_material,11762.51,4626.28,37827.5,9529.31,21589.27,15000,7000,0.8,7592.13
36,material_efficiency,11762.51,4626.28,37827.5,9529.31,21589.27,20000,9000,0.85,7881.65
36,waste_recovery,11762.51,4626.28,37827.5,9529.31,21589.27,10000,3000,0.85,3078.19
36,transport_optimization,11762.51,4626.28,37827.5,9529.31,21589.27,12000,5000,0.75,3218.75
37,renewable_electricity,77275.28,7416.07,40205.54,3985.74,20115.74,50000,18000,0.9,21863.47
37,energy_efficiency,77275.28,7416.07,40205.54,3985.74,20115.74,25000,12000,0.95,12749.78
37,recycled_material,77275.28,7416.07,40205.54,3985.74,20115.74,15000,7000,0.8,7637.0
37,material_efficiency,77275.28,7416.07,40205.54,3985.74,20115.74,20000,9000,0.85,8290.49
37,waste_recovery,77275.28,7416.07,40205.54,3985.74,20115.74,10000,3000,0.85,1428.72
37,transport_optimization,77275.28,7416.07,40205.54,3985.74,20115.74,12000,5000,0.75,2920.11
38,renewable_electricity,20064.95,17100.69,48270.79,8167.95,14595.7,50000,18000,0.9,6874.3
38,energy_efficiency,20064.95,17100.69,48270.79,8167.95,14595.7,25000,12000,0.95,3717.52
38,recycled_material,20064.95,17100.69,48270.79,8167.95,14595.7,15000,7000,0.8,8825.78
38,material_efficiency,20064.95,17100.69,48270.79,8167.95,14595.7,20000,9000,0.85,9279.4
38,waste_recovery,20064.95,17100.69,48270.79,8167.95,14595.7,10000,3000,0.85,2697.84
38,transport_optimization,20064.95,17100.69,48270.79,8167.95,14595.7,12000,5000,0.75,1909.1
39,renewable_electricity,86682.69,15810.6,14159.56,10209.72,5931.88,50000,18000,0.9,26570.03
39,energy_efficiency,86682.69,15810.6,14159.56,10209.72,5931.88,25000,12000,0.95,17757.63
39,recycled_material,86682.69,15810.6,14159.56,10209.72,5931.88,15000,7000,0.8,2810.65
39,material_efficiency,86682.69,15810.6,14159.56,10209.72,5931.88,20000,9000,0.85,3312.15
39,waste_recovery,86682.69,15810.6,14159.56,10209.72,5931.88,10000,3000,0.85,3111.2
39,transport_optimization,86682.69,15810.6,14159.56,10209.72,5931.88,12000,5000,0.75,1001.11
40,renewable_electricity,104120.16,15007.61,26633.78,13063.7,18634.9,50000,18000,0.9,31994.4
40,energy_efficiency,104120.16,15007.61,26633.78,13063.7,18634.9,25000,12000,0.95,18206.63
40,recycled_material,104120.16,15007.61,26633.78,13063.7,18634.9,15000,7000,0.8,4507.26
40,material_efficiency,104120.16,15007.61,26633.78,13063.7,18634.9,20000,9000,0.85,7390.78
40,waste_recovery,104120.16,15007.61,26633.78,13063.7,18634.9,10000,3000,0.85,4026.86
40,transport_optimization,104120.16,15007.61,26633.78,13063.7,18634.9,12000,5000,0.75,3161.76
41,renewable_electricity,9177.32,7678.46,3974.21,5205.75,12405.07,50000,18000,0.9,2081.59
41,energy_efficiency,9177.32,7678.46,3974.21,5205.75,12405.07,25000,12000,0.95,1739.11
41,recycled_material,9177.32,7678.46,3974.21,5205.75,12405.07,15000,7000,0.8,787.82
41,material_efficiency,9177.32,7678.46,3974.21,5205.75,12405.07,20000,9000,0.85,883.97
41,waste_recovery,9177.32,7678.46,3974.21,5205.75,12405.07,10000,3000,0.85,1521.59
41,transport_optimization,9177.32,7678.46,3974.21,5205.75,12405.07,12000,5000,0.75,1561.22
42,renewable_electricity,5574.61,17061.49,27088.74,4405.89,11999.11,50000,18000,0.9,1712.62
42,energy_efficiency,5574.61,17061.49,27088.74,4405.89,11999.11,25000,12000,0.95,759.28
42,recycled_material,5574.61,17061.49,27088.74,4405.89,11999.11,15000,7000,0.8,5010.02
42,material_efficiency,5574.61,17061.49,27088.74,4405.89,11999.11,20000,9000,0.85,6086.11
42,waste_recovery,5574.61,17061.49,27088.74,4405.89,11999.11,10000,3000,0.85,1417.08
42,transport_optimization,5574.61,17061.49,27088.74,4405.89,11999.11,12000,5000,0.75,1977.86
43,renewable_electricity,20216.88,2151.88,7045.35,10002.28,658.9,50000,18000,0.9,4373.51
43,energy_efficiency,20216.88,2151.88,7045.35,10002.28,658.9,25000,12000,0.95,4073.99
43,recycled_material,20216.88,2151.88,7045.35,10002.28,658.9,15000,7000,0.8,1330.47
43,material_efficiency,20216.88,2151.88,7045.35,10002.28,658.9,20000,9000,0.85,1878.61
43,waste_recovery,20216.88,2151.88,7045.35,10002.28,658.9,10000,3000,0.85,3588.49
43,transport_optimization,20216.88,2151.88,7045.35,10002.28,658.9,12000,5000,0.75,76.17
44,renewable_electricity,118412.67,9591.13,52712.09,6308.88,17506.1,50000,18000,0.9,30142.69
44,energy_efficiency,118412.67,9591.13,52712.09,6308.88,17506.1,25000,12000,0.95,21289.17
44,recycled_material,118412.67,9591.13,52712.09,6308.88,17506.1,15000,7000,0.8,11849.1
44,material_efficiency,118412.67,9591.13,52712.09,6308.88,17506.1,20000,9000,0.85,12909.72
44,waste_recovery,118412.67,9591.13,52712.09,6308.88,17506.1,10000,3000,0.85,1685.37
44,transport_optimization,118412.67,9591.13,52712.09,6308.88,17506.1,12000,5000,0.75,2693.93
45,renewable_electricity,26842.87,24607.99,39873.17,9929.18,9237.92,50000,18000,0.9,7732.43
45,energy_efficiency,26842.87,24607.99,39873.17,9929.18,9237.92,25000,12000,0.95,3875.0
45,recycled_material,26842.87,24607.99,39873.17,9929.18,9237.92,15000,7000,0.8,7228.3
45,material_efficiency,26842.87,24607.99,39873.17,9929.18,9237.92,20000,9000,0.85,10950.76
45,waste_recovery,26842.87,24607.99,39873.17,9929.18,9237.92,10000,3000,0.85,2814.48
45,transport_optimization,26842.87,24607.99,39873.17,9929.18,9237.92,12000,5000,0.75,1517.18
46,renewable_electricity,93601.0,22953.48,23596.11,6488.09,6223.14,50000,18000,0.9,27669.58
46,energy_efficiency,93601.0,22953.48,23596.11,6488.09,6223.14,25000,12000,0.95,15166.63
46,recycled_material,93601.0,22953.48,23596.11,6488.09,6223.14,15000,7000,0.8,4389.47
46,material_efficiency,93601.0,22953.48,23596.11,6488.09,6223.14,20000,9000,0.85,5569.62
46,waste_recovery,93601.0,22953.48,23596.11,6488.09,6223.14,10000,3000,0.85,1720.34
46,transport_optimization,93601.0,22953.48,23596.11,6488.09,6223.14,12000,5000,0.75,1043.86
47,renewable_electricity,80918.05,21513.37,28082.95,8904.23,23998.1,50000,18000,0.9,22510.89
47,energy_efficiency,80918.05,21513.37,28082.95,8904.23,23998.1,25000,12000,0.95,16165.71
47,recycled_material,80918.05,21513.37,28082.95,8904.23,23998.1,15000,7000,0.8,5196.94
47,material_efficiency,80918.05,21513.37,28082.95,8904.23,23998.1,20000,9000,0.85,7358.45
47,waste_recovery,80918.05,21513.37,28082.95,8904.23,23998.1,10000,3000,0.85,2854.08
47,transport_optimization,80918.05,21513.37,28082.95,8904.23,23998.1,12000,5000,0.75,4198.13
48,renewable_electricity,29905.0,27725.49,48918.93,2808.4,12851.41,50000,18000,0.9,9337.73
48,energy_efficiency,29905.0,27725.49,48918.93,2808.4,12851.41,25000,12000,0.95,5955.04
48,recycled_material,29905.0,27725.49,48918.93,2808.4,12851.41,15000,7000,0.8,10752.73
48,material_efficiency,29905.0,27725.49,48918.93,2808.4,12851.41,20000,9000,0.85,11159.31
48,waste_recovery,29905.0,27725.49,48918.93,2808.4,12851.41,10000,3000,0.85,906.98
48,transport_optimization,29905.0,27725.49,48918.93,2808.4,12851.41,12000,5000,0.75,2177.22
49,renewable_electricity,30381.19,24049.01,2274.26,12526.03,10380.88,50000,18000,0.9,9555.55
49,energy_efficiency,30381.19,24049.01,2274.26,12526.03,10380.88,25000,12000,0.95,6620.55
49,recycled_material,30381.19,24049.01,2274.26,12526.03,10380.88,15000,7000,0.8,430.54
49,material_efficiency,30381.19,24049.01,2274.26,12526.03,10380.88,20000,9000,0.85,544.4
49,waste_recovery,30381.19,24049.01,2274.26,12526.03,10380.88,10000,3000,0.85,3892.05
49,transport_optimization,30381.19,24049.01,2274.26,12526.03,10380.88,12000,5000,0.75,1643.13
50,renewable_electricity,18533.12,5283.03,31886.42,3821.35,22056.98,50000,18000,0.9,4548.65
50,energy_efficiency,18533.12,5283.03,31886.42,3821.35,22056.98,25000,12000,0.95,3524.51
50,recycled_material,18533.12,5283.03,31886.42,3821.35,22056.98,15000,7000,0.8,5165.37
50,material_efficiency,18533.12,5283.03,31886.42,3821.35,22056.98,20000,9000,0.85,7423.53
50,waste_recovery,18533.12,5283.03,31886.42,3821.35,22056.98,10000,3000,0.85,1079.66
50,transport_optimization,18533.12,5283.03,31886.42,3821.35,22056.98,12000,5000,0.75,3749.15
51,renewable_electricity,86398.15,16590.67,6934.23,3350.58,8335.4,50000,18000,0.9,27217.76
51,energy_efficiency,86398.15,16590.67,6934.23,3350.58,8335.4,25000,12000,0.95,16372.46
51,recycled_material,86398.15,16590.67,6934.23,3350.58,8335.4,15000,7000,0.8,1461.6
51,material_efficiency,86398.15,16590.67,6934.23,3350.58,8335.4,20000,9000,0.85,1612.87
51,waste_recovery,86398.15,16590.67,6934.23,3350.58,8335.4,10000,3000,0.85,895.39
51,transport_optimization,86398.15,16590.67,6934.23,3350.58,8335.4,12000,5000,0.75,1367.86
52,renewable_electricity,69074.28,5940.43,13748.35,2058.44,21912.41,50000,18000,0.9,21201.25
52,energy_efficiency,69074.28,5940.43,13748.35,2058.44,21912.41,25000,12000,0.95,12356.91
52,recycled_material,69074.28,5940.43,13748.35,2058.44,21912.41,15000,7000,0.8,2933.75
52,material_efficiency,69074.28,5940.43,13748.35,2058.44,21912.41,20000,9000,0.85,2881.07
52,waste_recovery,69074.28,5940.43,13748.35,2058.44,21912.41,10000,3000,0.85,535.98
52,transport_optimization,69074.28,5940.43,13748.35,2058.44,21912.41,12000,5000,0.75,3108.66
53,renewable_electricity,108800.3,6596.66,22606.08,5797.29,6919.38,50000,18000,0.9,36019.06
53,energy_efficiency,108800.3,6596.66,22606.08,5797.29,6919.38,25000,12000,0.95,21990.43
53,recycled_material,108800.3,6596.66,22606.08,5797.29,6919.38,15000,7000,0.8,4067.27
53,material_efficiency,108800.3,6596.66,22606.08,5797.29,6919.38,20000,9000,0.85,6182.08
53,waste_recovery,108800.3,6596.66,22606.08,5797.29,6919.38,10000,3000,0.85,1869.45
53,transport_optimization,108800.3,6596.66,22606.08,5797.29,6919.38,12000,5000,0.75,1086.37
54,renewable_electricity,66345.73,13529.0,7415.79,1586.8,23701.66,50000,18000,0.9,21410.67
54,energy_efficiency,66345.73,13529.0,7415.79,1586.8,23701.66,25000,12000,0.95,10991.86
54,recycled_material,66345.73,13529.0,7415.79,1586.8,23701.66,15000,7000,0.8,1477.93
54,material_efficiency,66345.73,13529.0,7415.79,1586.8,23701.66,20000,9000,0.85,1599.87
54,waste_recovery,66345.73,13529.0,7415.79,1586.8,23701.66,10000,3000,0.85,475.09
54,transport_optimization,66345.73,13529.0,7415.79,1586.8,23701.66,12000,5000,0.75,3855.34
55,renewable_electricity,65546.77,6369.67,48978.21,9745.66,18494.58,50000,18000,0.9,16911.37
55,energy_efficiency,65546.77,6369.67,48978.21,9745.66,18494.58,25000,12000,0.95,10536.86
55,recycled_material,65546.77,6369.67,48978.21,9745.66,18494.58,15000,7000,0.8,8976.91
55,material_efficiency,65546.77,6369.67,48978.21,9745.66,18494.58,20000,9000,0.85,12186.08
55,waste_recovery,65546.77,6369.67,48978.21,9745.66,18494.58,10000,3000,0.85,3417.61
55,transport_optimization,65546.77,6369.67,48978.21,9745.66,18494.58,12000,5000,0.75,3057.27
56,renewable_electricity,77503.81,1053.59,49053.06,3399.56,1995.25,50000,18000,0.9,18957.17
56,energy_efficiency,77503.81,1053.59,49053.06,3399.56,1995.25,25000,12000,0.95,14763.71
56,recycled_material,77503.81,1053.59,49053.06,3399.56,1995.25,15000,7000,0.8,10316.62
56,material_efficiency,77503.81,1053.59,49053.06,3399.56,1995.25,20000,9000,0.85,13384.38
56,waste_recovery,77503.81,1053.59,49053.06,3399.56,1995.25,10000,3000,0.85,996.56
56,transport_optimization,77503.81,1053.59,49053.06,3399.56,1995.25,12000,5000,0.75,339.8
57,renewable_electricity,43740.99,6047.06,33709.44,10013.86,1463.76,50000,18000,0.9,13491.02
57,energy_efficiency,43740.99,6047.06,33709.44,10013.86,1463.76,25000,12000,0.95,8822.48
57,recycled_material,43740.99,6047.06,33709.44,10013.86,1463.76,15000,7000,0.8,8554.37
57,material_efficiency,43740.99,6047.06,33709.44,10013.86,1463.76,20000,9000,0.85,8613.66
57,waste_recovery,43740.99,6047.06,33709.44,10013.86,1463.76,10000,3000,0.85,3175.05
57,transport_optimization,43740.99,6047.06,33709.44,10013.86,1463.76,12000,5000,0.75,241.37
58,renewable_electricity,47245.29,17546.3,15780.29,4400.59,10014.82,50000,18000,0.9,12083.27
58,energy_efficiency,47245.29,17546.3,15780.29,4400.59,10014.82,25000,12000,0.95,9436.85
58,recycled_material,47245.29,17546.3,15780.29,4400.59,10014.82,15000,7000,0.8,2409.08
58,material_efficiency,47245.29,17546.3,15780.29,4400.59,10014.82,20000,9000,0.85,3325.4
58,waste_recovery,47245.29,17546.3,15780.29,4400.59,10014.82,10000,3000,0.85,1394.03
58,transport_optimization,47245.29,17546.3,15780.29,4400.59,10014.82,12000,5000,0.75,1690.9
59,renewable_electricity,33372.44,4572.89,13563.46,7403.87,20767.99,50000,18000,0.9,8407.03
59,energy_efficiency,33372.44,4572.89,13563.46,7403.87,20767.99,25000,12000,0.95,5731.87
59,recycled_material,33372.44,4572.89,13563.46,7403.87,20767.99,15000,7000,0.8,2512.45
59,material_efficiency,33372.44,4572.89,13563.46,7403.87,20767.99,20000,9000,0.85,3321.55
59,waste_recovery,33372.44,4572.89,13563.46,7403.87,20767.99,10000,3000,0.85,2098.74
59,transport_optimization,33372.44,4572.89,13563.46,7403.87,20767.99,12000,5000,0.75,2683.15
60,renewable_electricity,100003.17,17699.41,21539.65,10638.29,20280.04,50000,18000,0.9,29422.99
60,energy_efficiency,100003.17,17699.41,21539.65,10638.29,20280.04,25000,12000,0.95,17570.97
60,recycled_material,100003.17,17699.41,21539.65,10638.29,20280.04,15000,7000,0.8,3803.63
60,material_efficiency,100003.17,17699.41,21539.65,10638.29,20280.04,20000,9000,0.85,5518.13
60,waste_recovery,100003.17,17699.41,21539.65,10638.29,20280.04,10000,3000,0.85,3451.19
60,transport_optimization,100003.17,17699.41,21539.65,10638.29,20280.04,12000,5000,0.75,3535.8
61,renewable_electricity,55890.82,13202.68,11843.17,7208.56,7036.99,50000,18000,0.9,15924.16
61,energy_efficiency,55890.82,13202.68,11843.17,7208.56,7036.99,25000,12000,0.95,8829.14
61,recycled_material,55890.82,13202.68,11843.17,7208.56,7036.99,15000,7000,0.8,2510.38
61,material_efficiency,55890.82,13202.68,11843.17,7208.56,7036.99,20000,9000,0.85,2231.98
61,waste_recovery,55890.82,13202.68,11843.17,7208.56,7036.99,10000,3000,0.85,2511.84
61,transport_optimization,55890.82,13202.68,11843.17,7208.56,7036.99,12000,5000,0.75,982.97
62,renewable_electricity,17882.01,12026.67,48775.45,2336.44,4173.17,50000,18000,0.9,5029.38
62,energy_efficiency,17882.01,12026.67,48775.45,2336.44,4173.17,25000,12000,0.95,3748.44
62,recycled_material,17882.01,12026.67,48775.45,2336.44,4173.17,15000,7000,0.8,9012.18
62,material_efficiency,17882.01,12026.67,48775.45,2336.44,4173.17,20000,9000,0.85,10981.38
62,waste_recovery,17882.01,12026.67,48775.45,2336.44,4173.17,10000,3000,0.85,665.4
62,transport_optimization,17882.01,12026.67,48775.45,2336.44,4173.17,12000,5000,0.75,775.21
63,renewable_electricity,61629.06,19524.75,29307.2,9485.41,18925.08,50000,18000,0.9,19779.55
63,energy_efficiency,61629.06,19524.75,29307.2,9485.41,18925.08,25000,12000,0.95,10203.25
63,recycled_material,61629.06,19524.75,29307.2,9485.41,18925.08,15000,7000,0.8,7245.6
63,material_efficiency,61629.06,19524.75,29307.2,9485.41,18925.08,20000,9000,0.85,7221.84
63,waste_recovery,61629.06,19524.75,29307.2,9485.41,18925.08,10000,3000,0.85,2536.61
63,transport_optimization,61629.06,19524.75,29307.2,9485.41,18925.08,12000,5000,0.75,3093.7
64,renewable_electricity,109798.22,27059.45,23353.06,4281.41,20550.11,50000,18000,0.9,30266.88
64,energy_efficiency,109798.22,27059.45,23353.06,4281.41,20550.11,25000,12000,0.95,17782.47
64,recycled_material,109798.22,27059.45,23353.06,4281.41,20550.11,15000,7000,0.8,3978.12
64,material_efficiency,109798.22,27059.45,23353.06,4281.41,20550.11,20000,9000,0.85,5315.32
64,waste_recovery,109798.22,27059.45,23353.06,4281.41,20550.11,10000,3000,0.85,1112.31
64,transport_optimization,109798.22,27059.45,23353.06,4281.41,20550.11,12000,5000,0.75,3152.51
65,renewable_electricity,9981.27,22071.13,45807.16,2326.43,4541.75,50000,18000,0.9,3026.28
65,energy_efficiency,9981.27,22071.13,45807.16,2326.43,4541.75,25000,12000,0.95,2175.54
65,recycled_material,9981.27,22071.13,45807.16,2326.43,4541.75,15000,7000,0.8,9756.72
65,material_efficiency,9981.27,22071.13,45807.16,2326.43,4541.75,20000,9000,0.85,10219.35
65,waste_recovery,9981.27,22071.13,45807.16,2326.43,4541.75,10000,3000,0.85,698.99
65,transport_optimization,9981.27,22071.13,45807.16,2326.43,4541.75,12000,5000,0.75,560.95
66,renewable_electricity,27273.3,6359.04,34149.96,1367.9,2353.44,50000,18000,0.9,7314.21
66,energy_efficiency,27273.3,6359.04,34149.96,1367.9,2353.44,25000,12000,0.95,5153.54
66,recycled_material,27273.3,6359.04,34149.96,1367.9,2353.44,15000,7000,0.8,5799.02
66,material_efficiency,27273.3,6359.04,34149.96,1367.9,2353.44,20000,9000,0.85,8126.59
66,waste_recovery,27273.3,6359.04,34149.96,1367.9,2353.44,10000,3000,0.85,530.2
66,transport_optimization,27273.3,6359.04,34149.96,1367.9,2353.44,12000,5000,0.75,347.79
67,renewable_electricity,30855.92,20331.99,15396.71,8978.29,14596.89,50000,18000,0.9,10325.13
67,energy_efficiency,30855.92,20331.99,15396.71,8978.29,14596.89,25000,12000,0.95,4596.96
67,recycled_material,30855.92,20331.99,15396.71,8978.29,14596.89,15000,7000,0.8,2732.48
67,material_efficiency,30855.92,20331.99,15396.71,8978.29,14596.89,20000,9000,0.85,3198.9
67,waste_recovery,30855.92,20331.99,15396.71,8978.29,14596.89,10000,3000,0.85,2686.38
67,transport_optimization,30855.92,20331.99,15396.71,8978.29,14596.89,12000,5000,0.75,2410.94
68,renewable_electricity,31426.84,14035.16,14284.88,5925.88,14854.84,50000,18000,0.9,6833.57
68,energy_efficiency,31426.84,14035.16,14284.88,5925.88,14854.84,25000,12000,0.95,6498.57
68,recycled_material,31426.84,14035.16,14284.88,5925.88,14854.84,15000,7000,0.8,2545.61
68,material_efficiency,31426.84,14035.16,14284.88,5925.88,14854.84,20000,9000,0.85,3613.35
68,waste_recovery,31426.84,14035.16,14284.88,5925.88,14854.84,10000,3000,0.85,2076.73
68,transport_optimization,31426.84,14035.16,14284.88,5925.88,14854.84,12000,5000,0.75,2610.53
69,renewable_electricity,26843.95,20226.32,11224.17,1250.3,5442.0,50000,18000,0.9,6744.8
69,energy_efficiency,26843.95,20226.32,11224.17,1250.3,5442.0,25000,12000,0.95,5082.69
69,recycled_material,26843.95,20226.32,11224.17,1250.3,5442.0,15000,7000,0.8,2002.99
69,material_efficiency,26843.95,20226.32,11224.17,1250.3,5442.0,20000,9000,0.85,2628.63
69,waste_recovery,26843.95,20226.32,11224.17,1250.3,5442.0,10000,3000,0.85,363.07
69,transport_optimization,26843.95,20226.32,11224.17,1250.3,5442.0,12000,5000,0.75,913.92
70,renewable_electricity,18222.81,4549.67,7354.1,8262.87,3857.0,50000,18000,0.9,5844.37
70,energy_efficiency,18222.81,4549.67,7354.1,8262.87,3857.0,25000,12000,0.95,3519.66
70,recycled_material,18222.81,4549.67,7354.1,8262.87,3857.0,15000,7000,0.8,1327.49
70,material_efficiency,18222.81,4549.67,7354.1,8262.87,3857.0,20000,9000,0.85,1608.15
70,waste_recovery,18222.81,4549.67,7354.1,8262.87,3857.0,10000,3000,0.85,2606.19
70,transport_optimization,18222.81,4549.67,7354.1,8262.87,3857.0,12000,5000,0.75,491.13
71,renewable_electricity,63928.68,15705.92,49808.37,4748.45,10499.71,50000,18000,0.9,16449.78
71,energy_efficiency,63928.68,15705.92,49808.37,4748.45,10499.71,25000,12000,0.95,11936.22
71,recycled_material,63928.68,15705.92,49808.37,4748.45,10499.71,15000,7000,0.8,10307.81
71,material_efficiency,63928.68,15705.92,49808.37,4748.45,10499.71,20000,9000,0.85,11050.47
71,waste_recovery,63928.68,15705.92,49808.37,4748.45,10499.71,10000,3000,0.85,1400.11
71,transport_optimization,63928.68,15705.92,49808.37,4748.45,10499.71,12000,5000,0.75,1610.33
72,renewable_electricity,52403.91,11051.0,24201.5,7185.06,12377.22,50000,18000,0.9,14418.53
72,energy_efficiency,52403.91,11051.0,24201.5,7185.06,12377.22,25000,12000,0.95,8965.86
72,recycled_material,52403.91,11051.0,24201.5,7185.06,12377.22,15000,7000,0.8,4076.62
72,material_efficiency,52403.91,11051.0,24201.5,7185.06,12377.22,20000,9000,0.85,6232.5
72,waste_recovery,52403.91,11051.0,24201.5,7185.06,12377.22,10000,3000,0.85,1922.73
72,transport_optimization,52403.91,11051.0,24201.5,7185.06,12377.22,12000,5000,0.75,2110.73
73,renewable_electricity,113457.24,31626.33,34318.41,9137.81,2027.1,50000,18000,0.9,31378.24
73,energy_efficiency,113457.24,31626.33,34318.41,9137.81,2027.1,25000,12000,0.95,20945.92
73,recycled_material,113457.24,31626.33,34318.41,9137.81,2027.1,15000,7000,0.8,6747.47
73,material_efficiency,113457.24,31626.33,34318.41,9137.81,2027.1,20000,9000,0.85,8279.03
73,waste_recovery,113457.24,31626.33,34318.41,9137.81,2027.1,10000,3000,0.85,2644.04
73,transport_optimization,113457.24,31626.33,34318.41,9137.81,2027.1,12000,5000,0.75,363.78
74,renewable_electricity,5739.31,24277.75,17540.99,10763.4,9828.19,50000,18000,0.9,1458.49
74,energy_efficiency,5739.31,24277.75,17540.99,10763.4,9828.19,25000,12000,0.95,934.97
74,recycled_material,5739.31,24277.75,17540.99,10763.4,9828.19,15000,7000,0.8,3769.06
74,material_efficiency,5739.31,24277.75,17540.99,10763.4,9828.19,20000,9000,0.85,4621.29
74,waste_recovery,5739.31,24277.75,17540.99,10763.4,9828.19,10000,3000,0.85,2770.55
74,transport_optimization,5739.31,24277.75,17540.99,10763.4,9828.19,12000,5000,0.75,1443.61
75,renewable_electricity,96049.26,14634.2,28010.32,11522.23,15030.61,50000,18000,0.9,25344.12
75,energy_efficiency,96049.26,14634.2,28010.32,11522.23,15030.61,25000,12000,0.95,16468.81
75,recycled_material,96049.26,14634.2,28010.32,11522.23,15030.61,15000,7000,0.8,6339.36
75,material_efficiency,96049.26,14634.2,28010.32,11522.23,15030.61,20000,9000,0.85,7098.28
75,waste_recovery,96049.26,14634.2,28010.32,11522.23,15030.61,10000,3000,0.85,3028.02
75,transport_optimization,96049.26,14634.2,28010.32,11522.23,15030.61,12000,5000,0.75,2647.08
76,renewable_electricity,23516.89,20147.57,19236.53,7377.02,1465.31,50000,18000,0.9,6068.2
76,energy_efficiency,23516.89,20147.57,19236.53,7377.02,1465.31,25000,12000,0.95,4037.15
76,recycled_material,23516.89,20147.57,19236.53,7377.02,1465.31,15000,7000,0.8,3357.29
76,material_efficiency,23516.89,20147.57,19236.53,7377.02,1465.31,20000,9000,0.85,5314.25
76,waste_recovery,23516.89,20147.57,19236.53,7377.02,1465.31,10000,3000,0.85,2624.0
76,transport_optimization,23516.89,20147.57,19236.53,7377.02,1465.31,12000,5000,0.75,237.85
77,renewable_electricity,106304.17,19594.1,22250.88,5284.1,1393.84,50000,18000,0.9,37855.48
77,energy_efficiency,106304.17,19594.1,22250.88,5284.1,1393.84,25000,12000,0.95,15328.77
77,recycled_material,106304.17,19594.1,22250.88,5284.1,1393.84,15000,7000,0.8,4149.09
77,material_efficiency,106304.17,19594.1,22250.88,5284.1,1393.84,20000,9000,0.85,4799.12
77,waste_recovery,106304.17,19594.1,22250.88,5284.1,1393.84,10000,3000,0.85,1773.67
77,transport_optimization,106304.17,19594.1,22250.88,5284.1,1393.84,12000,5000,0.75,268.72
78,renewable_electricity,57795.73,23944.9,25029.64,4194.42,9908.37,50000,18000,0.9,19205.82
78,energy_efficiency,57795.73,23944.9,25029.64,4194.42,9908.37,25000,12000,0.95,9760.53
78,recycled_material,57795.73,23944.9,25029.64,4194.42,9908.37,15000,7000,0.8,6202.14
78,material_efficiency,57795.73,23944.9,25029.64,4194.42,9908.37,20000,9000,0.85,7029.32
78,waste_recovery,57795.73,23944.9,25029.64,4194.42,9908.37,10000,3000,0.85,1435.07
78,transport_optimization,57795.73,23944.9,25029.64,4194.42,9908.37,12000,5000,0.75,1509.48
79,renewable_electricity,22371.41,27485.88,31664.19,7497.18,25711.59,50000,18000,0.9,5686.83
79,energy_efficiency,22371.41,27485.88,31664.19,7497.18,25711.59,25000,12000,0.95,3918.94
79,recycled_material,22371.41,27485.88,31664.19,7497.18,25711.59,15000,7000,0.8,6114.63
79,material_efficiency,22371.41,27485.88,31664.19,7497.18,25711.59,20000,9000,0.85,6148.04
79,waste_recovery,22371.41,27485.88,31664.19,7497.18,25711.59,10000,3000,0.85,2335.0
79,transport_optimization,22371.41,27485.88,31664.19,7497.18,25711.59,12000,5000,0.75,5215.18
80,renewable_electricity,9087.99,5594.5,11137.57,11766.61,5885.94,50000,18000,0.9,2685.43
80,energy_efficiency,9087.99,5594.5,11137.57,11766.61,5885.94,25000,12000,0.95,1462.29
80,recycled_material,9087.99,5594.5,11137.57,11766.61,5885.94,15000,7000,0.8,1913.89
80,material_efficiency,9087.99,5594.5,11137.57,11766.61,5885.94,20000,9000,0.85,2544.59
80,waste_recovery,9087.99,5594.5,11137.57,11766.61,5885.94,10000,3000,0.85,4081.8
80,transport_optimization,9087.99,5594.5,11137.57,11766.61,5885.94,12000,5000,0.75,1022.66
81,renewable_electricity,85144.72,16592.51,38019.08,9992.09,7915.24,50000,18000,0.9,23151.73
81,energy_efficiency,85144.72,16592.51,38019.08,9992.09,7915.24,25000,12000,0.95,17411.06
81,recycled_material,85144.72,16592.51,38019.08,9992.09,7915.24,15000,7000,0.8,8102.07
81,material_efficiency,85144.72,16592.51,38019.08,9992.09,7915.24,20000,9000,0.85,9055.39
81,waste_recovery,85144.72,16592.51,38019.08,9992.09,7915.24,10000,3000,0.85,2998.78
81,transport_optimization,85144.72,16592.51,38019.08,9992.09,7915.24,12000,5000,0.75,1351.02
82,renewable_electricity,87957.17,5893.16,46863.72,2334.4,3126.94,50000,18000,0.9,24662.35
82,energy_efficiency,87957.17,5893.16,46863.72,2334.4,3126.94,25000,12000,0.95,11631.96
82,recycled_material,87957.17,5893.16,46863.72,2334.4,3126.94,15000,7000,0.8,10122.07
82,material_efficiency,87957.17,5893.16,46863.72,2334.4,3126.94,20000,9000,0.85,11236.8
82,waste_recovery,87957.17,5893.16,46863.72,2334.4,3126.94,10000,3000,0.85,791.79
82,transport_optimization,87957.17,5893.16,46863.72,2334.4,3126.94,12000,5000,0.75,535.47
83,renewable_electricity,129252.3,16012.55,49285.19,6315.88,2169.32,50000,18000,0.9,37033.21
83,energy_efficiency,129252.3,16012.55,49285.19,6315.88,2169.32,25000,12000,0.95,22542.64
83,recycled_material,129252.3,16012.55,49285.19,6315.88,2169.32,15000,7000,0.8,10977.53
83,material_efficiency,129252.3,16012.55,49285.19,6315.88,2169.32,20000,9000,0.85,11552.07
83,waste_recovery,129252.3,16012.55,49285.19,6315.88,2169.32,10000,3000,0.85,1923.8
83,transport_optimization,129252.3,16012.55,49285.19,6315.88,2169.32,12000,5000,0.75,356.63
84,renewable_electricity,105632.13,16819.6,39820.62,5980.32,6204.79,50000,18000,0.9,28086.81
84,energy_efficiency,105632.13,16819.6,39820.62,5980.32,6204.79,25000,12000,0.95,16155.62
84,recycled_material,105632.13,16819.6,39820.62,5980.32,6204.79,15000,7000,0.8,8809.89
84,material_efficiency,105632.13,16819.6,39820.62,5980.32,6204.79,20000,9000,0.85,7570.5
84,waste_recovery,105632.13,16819.6,39820.62,5980.32,6204.79,10000,3000,0.85,1761.12
84,transport_optimization,105632.13,16819.6,39820.62,5980.32,6204.79,12000,5000,0.75,983.05
85,renewable_electricity,105834.82,22906.47,35468.44,2170.5,9203.21,50000,18000,0.9,26783.08
85,energy_efficiency,105834.82,22906.47,35468.44,2170.5,9203.21,25000,12000,0.95,17918.86
85,recycled_material,105834.82,22906.47,35468.44,2170.5,9203.21,15000,7000,0.8,6630.43
85,material_efficiency,105834.82,22906.47,35468.44,2170.5,9203.21,20000,9000,0.85,6826.8
85,waste_recovery,105834.82,22906.47,35468.44,2170.5,9203.21,10000,3000,0.85,648.77
85,transport_optimization,105834.82,22906.47,35468.44,2170.5,9203.21,12000,5000,0.75,1448.6
86,renewable_electricity,96146.46,7723.37,18074.83,2127.44,11566.3,50000,18000,0.9,24766.45
86,energy_efficiency,96146.46,7723.37,18074.83,2127.44,11566.3,25000,12000,0.95,16530.74
86,recycled_material,96146.46,7723.37,18074.83,2127.44,11566.3,15000,7000,0.8,3363.28
86,material_efficiency,96146.46,7723.37,18074.83,2127.44,11566.3,20000,9000,0.85,3539.98
86,waste_recovery,96146.46,7723.37,18074.83,2127.44,11566.3,10000,3000,0.85,598.2
86,transport_optimization,96146.46,7723.37,18074.83,2127.44,11566.3,12000,5000,0.75,2316.97
87,renewable_electricity,88622.07,29353.28,56064.75,8308.06,25033.14,50000,18000,0.9,28418.01
87,energy_efficiency,88622.07,29353.28,56064.75,8308.06,25033.14,25000,12000,0.95,13721.04
87,recycled_material,88622.07,29353.28,56064.75,8308.06,25033.14,15000,7000,0.8,11655.37
87,material_efficiency,88622.07,29353.28,56064.75,8308.06,25033.14,20000,9000,0.85,13341.78
87,waste_recovery,88622.07,29353.28,56064.75,8308.06,25033.14,10000,3000,0.85,2386.26
87,transport_optimization,88622.07,29353.28,56064.75,8308.06,25033.14,12000,5000,0.75,3174.81
88,renewable_electricity,90837.9,24162.17,46975.73,9903.54,21060.37,50000,18000,0.9,24541.24
88,energy_efficiency,90837.9,24162.17,46975.73,9903.54,21060.37,25000,12000,0.95,16549.78
88,recycled_material,90837.9,24162.17,46975.73,9903.54,21060.37,15000,7000,0.8,8391.27
88,material_efficiency,90837.9,24162.17,46975.73,9903.54,21060.37,20000,9000,0.85,10863.9
88,waste_recovery,90837.9,24162.17,46975.73,9903.54,21060.37,10000,3000,0.85,2591.77
88,transport_optimization,90837.9,24162.17,46975.73,9903.54,21060.37,12000,5000,0.75,3708.4
89,renewable_electricity,93800.04,19293.28,9669.75,2033.56,18954.19,50000,18000,0.9,29717.24
89,energy_efficiency,93800.04,19293.28,9669.75,2033.56,18954.19,25000,12000,0.95,16170.54
89,recycled_material,93800.04,19293.28,9669.75,2033.56,18954.19,15000,7000,0.8,1688.27
89,material_efficiency,93800.04,19293.28,9669.75,2033.56,18954.19,20000,9000,0.85,2667.65
89,waste_recovery,93800.04,19293.28,9669.75,2033.56,18954.19,10000,3000,0.85,517.89
89,transport_optimization,93800.04,19293.28,9669.75,2033.56,18954.19,12000,5000,0.75,2745.45
90,renewable_electricity,95764.53,12226.81,42816.19,2691.86,618.42,50000,18000,0.9,31285.16
90,energy_efficiency,95764.53,12226.81,42816.19,2691.86,618.42,25000,12000,0.95,15507.77
90,recycled_material,95764.53,12226.81,42816.19,2691.86,618.42,15000,7000,0.8,8907.93
90,material_efficiency,95764.53,12226.81,42816.19,2691.86,618.42,20000,9000,0.85,8911.9
90,waste_recovery,95764.53,12226.81,42816.19,2691.86,618.42,10000,3000,0.85,823.58
90,transport_optimization,95764.53,12226.81,42816.19,2691.86,618.42,12000,5000,0.75,67.13
91,renewable_electricity,58542.63,25305.19,31611.63,8095.86,23933.03,50000,18000,0.9,16126.2
91,energy_efficiency,58542.63,25305.19,31611.63,8095.86,23933.03,25000,12000,0.95,8796.81
91,recycled_material,58542.63,25305.19,31611.63,8095.86,23933.03,15000,7000,0.8,7342.27
91,material_efficiency,58542.63,25305.19,31611.63,8095.86,23933.03,20000,9000,0.85,6840.32
91,waste_recovery,58542.63,25305.19,31611.63,8095.86,23933.03,10000,3000,0.85,2364.44
91,transport_optimization,58542.63,25305.19,31611.63,8095.86,23933.03,12000,5000,0.75,3657.48
92,renewable_electricity,97399.3,21620.64,12498.78,2994.08,6002.8,50000,18000,0.9,31680.19
92,energy_efficiency,97399.3,21620.64,12498.78,2994.08,6002.8,25000,12000,0.95,13487.7
92,recycled_material,97399.3,21620.64,12498.78,2994.08,6002.8,15000,7000,0.8,2281.64
92,material_efficiency,97399.3,21620.64,12498.78,2994.08,6002.8,20000,9000,0.85,2704.21
92,waste_recovery,97399.3,21620.64,12498.78,2994.08,6002.8,10000,3000,0.85,1033.23
92,transport_optimization,97399.3,21620.64,12498.78,2994.08,6002.8,12000,5000,0.75,1182.65
93,renewable_electricity,106222.74,7873.38,3600.28,10794.16,8277.22,50000,18000,0.9,32034.83
93,energy_efficiency,106222.74,7873.38,3600.28,10794.16,8277.22,25000,12000,0.95,22458.99
93,recycled_material,106222.74,7873.38,3600.28,10794.16,8277.22,15000,7000,0.8,821.98
93,material_efficiency,106222.74,7873.38,3600.28,10794.16,8277.22,20000,9000,0.85,950.7
93,waste_recovery,106222.74,7873.38,3600.28,10794.16,8277.22,10000,3000,0.85,3557.49
93,transport_optimization,106222.74,7873.38,3600.28,10794.16,8277.22,12000,5000,0.75,1366.21
94,renewable_electricity,17968.23,7662.84,24833.97,5920.43,14309.83,50000,18000,0.9,5327.58
94,energy_efficiency,17968.23,7662.84,24833.97,5920.43,14309.83,25000,12000,0.95,3133.08
94,recycled_material,17968.23,7662.84,24833.97,5920.43,14309.83,15000,7000,0.8,5143.9
94,material_efficiency,17968.23,7662.84,24833.97,5920.43,14309.83,20000,9000,0.85,5547.94
94,waste_recovery,17968.23,7662.84,24833.97,5920.43,14309.83,10000,3000,0.85,2088.33
94,transport_optimization,17968.23,7662.84,24833.97,5920.43,14309.83,12000,5000,0.75,3088.94
95,renewable_electricity,44290.12,18995.65,23585.95,11529.61,2724.73,50000,18000,0.9,13985.69
95,energy_efficiency,44290.12,18995.65,23585.95,11529.61,2724.73,25000,12000,0.95,8601.19
95,recycled_material,44290.12,18995.65,23585.95,11529.61,2724.73,15000,7000,0.8,5444.24
95,material_efficiency,44290.12,18995.65,23585.95,11529.61,2724.73,20000,9000,0.85,5242.77
95,waste_recovery,44290.12,18995.65,23585.95,11529.61,2724.73,10000,3000,0.85,3460.56
95,transport_optimization,44290.12,18995.65,23585.95,11529.61,2724.73,12000,5000,0.75,420.38
96,renewable_electricity,6769.46,6399.2,31095.72,5897.76,10955.37,50000,18000,0.9,1754.51
96,energy_efficiency,6769.46,6399.2,31095.72,5897.76,10955.37,25000,12000,0.95,1032.66
96,recycled_material,6769.46,6399.2,31095.72,5897.76,10955.37,15000,7000,0.8,6800.22
96,material_efficiency,6769.46,6399.2,31095.72,5897.76,10955.37,20000,9000,0.85,7949.62
96,waste_recovery,6769.46,6399.2,31095.72,5897.76,10955.37,10000,3000,0.85,1916.87
96,transport_optimization,6769.46,6399.2,31095.72,5897.76,10955.37,12000,5000,0.75,1670.89
97,renewable_electricity,100577.33,8637.23,13081.95,450.15,25494.71,50000,18000,0.9,25798.74
97,energy_efficiency,100577.33,8637.23,13081.95,450.15,25494.71,25000,12000,0.95,21146.46
97,recycled_material,100577.33,8637.23,13081.95,450.15,25494.71,15000,7000,0.8,2627.76
97,material_efficiency,100577.33,8637.23,13081.95,450.15,25494.71,20000,9000,0.85,2826.37
97,waste_recovery,100577.33,8637.23,13081.95,450.15,25494.71,10000,3000,0.85,33.89
97,transport_optimization,100577.33,8637.23,13081.95,450.15,25494.71,12000,5000,0.75,4132.07
98,renewable_electricity,106718.6,24833.34,42180.48,3702.31,4242.26,50000,18000,0.9,23968.45
98,energy_efficiency,106718.6,24833.34,42180.48,3702.31,4242.26,25000,12000,0.95,19817.07
98,recycled_material,106718.6,24833.34,42180.48,3702.31,4242.26,15000,7000,0.8,7419.86
98,material_efficiency,106718.6,24833.34,42180.48,3702.31,4242.26,20000,9000,0.85,10782.31
98,waste_recovery,106718.6,24833.34,42180.48,3702.31,4242.26,10000,3000,0.85,1204.21
98,transport_optimization,106718.6,24833.34,42180.48,3702.31,4242.26,12000,5000,0.75,754.62
99,renewable_electricity,58599.41,19522.58,20650.98,3800.2,10772.67,50000,18000,0.9,17965.54
99,energy_efficiency,58599.41,19522.58,20650.98,3800.2,10772.67,25000,12000,0.95,10750.16
99,recycled_material,58599.41,19522.58,20650.98,3800.2,10772.67,15000,7000,0.8,4147.69
99,material_efficiency,58599.41,19522.58,20650.98,3800.2,10772.67,20000,9000,0.85,4992.91
99,waste_recovery,58599.41,19522.58,20650.98,3800.2,10772.67,10000,3000,0.85,1013.53
99,transport_optimization,58599.41,19522.58,20650.98,3800.2,10772.67,12000,5000,0.75,1768.45
100,renewable_electricity,85595.31,27830.07,15707.65,6980.99,7724.72,50000,18000,0.9,27754.37
100,energy_efficiency,85595.31,27830.07,15707.65,6980.99,7724.72,25000,12000,0.95,16068.62
100,recycled_material,85595.31,27830.07,15707.65,6980.99,7724.72,15000,7000,0.8,3140.72
100,material_efficiency,85595.31,27830.07,15707.65,6980.99,7724.72,20000,9000,0.85,3727.25
100,waste_recovery,85595.31,27830.07,15707.65,6980.99,7724.72,10000,3000,0.85,2045.79
100,transport_optimization,85595.31,27830.07,15707.65,6980.99,7724.72,12000,5000,0.75,1180.29
101,renewable_electricity,60063.19,24305.59,13601.69,10753.26,14955.83,50000,18000,0.9,18216.33
101,energy_efficiency,60063.19,24305.59,13601.69,10753.26,14955.83,25000,12000,0.95,11467.18
101,recycled_material,60063.19,24305.59,13601.69,10753.26,14955.83,15000,7000,0.8,2756.64
101,material_efficiency,60063.19,24305.59,13601.69,10753.26,14955.83,20000,9000,0.85,3662.65
101,waste_recovery,60063.19,24305.59,13601.69,10753.26,14955.83,10000,3000,0.85,2827.01
101,transport_optimization,60063.19,24305.59,13601.69,10753.26,14955.83,12000,5000,0.75,2159.1
102,renewable_electricity,56508.85,13342.98,44058.84,4998.01,4512.85,50000,18000,0.9,13894.24
102,energy_efficiency,56508.85,13342.98,44058.84,4998.01,4512.85,25000,12000,0.95,9708.99
102,recycled_material,56508.85,13342.98,44058.84,4998.01,4512.85,15000,7000,0.8,9213.7
102,material_efficiency,56508.85,13342.98,44058.84,4998.01,4512.85,20000,9000,0.85,10698.27
102,waste_recovery,56508.85,13342.98,44058.84,4998.01,4512.85,10000,3000,0.85,1664.6
102,transport_optimization,56508.85,13342.98,44058.84,4998.01,4512.85,12000,5000,0.75,779.44
103,renewable_electricity,78784.51,12956.31,38224.91,2845.26,22693.33,50000,18000,0.9,24889.83
103,energy_efficiency,78784.51,12956.31,38224.91,2845.26,22693.33,25000,12000,0.95,13970.8
103,recycled_material,78784.51,12956.31,38224.91,2845.26,22693.33,15000,7000,0.8,7152.14
103,material_efficiency,78784.51,12956.31,38224.91,2845.26,22693.33,20000,9000,0.85,8256.38
103,waste_recovery,78784.51,12956.31,38224.91,2845.26,22693.33,10000,3000,0.85,1026.59
103,transport_optimization,78784.51,12956.31,38224.91,2845.26,22693.33,12000,5000,0.75,3571.31
104,renewable_electricity,97762.62,26398.72,10340.38,6012.41,19670.32,50000,18000,0.9,29165.15
104,energy_efficiency,97762.62,26398.72,10340.38,6012.41,19670.32,25000,12000,0.95,19825.84
104,recycled_material,97762.62,26398.72,10340.38,6012.41,19670.32,15000,7000,0.8,2262.14
104,material_efficiency,97762.62,26398.72,10340.38,6012.41,19670.32,20000,9000,0.85,2412.62
104,waste_recovery,97762.62,26398.72,10340.38,6012.41,19670.32,10000,3000,0.85,1844.54
104,transport_optimization,97762.62,26398.72,10340.38,6012.41,19670.32,12000,5000,0.75,3199.96
105,renewable_electricity,100740.55,11795.28,19012.19,1783.71,5662.21,50000,18000,0.9,24673.56
105,energy_efficiency,100740.55,11795.28,19012.19,1783.71,5662.21,25000,12000,0.95,17854.23
105,recycled_material,100740.55,11795.28,19012.19,1783.71,5662.21,15000,7000,0.8,3444.82
105,material_efficiency,100740.55,11795.28,19012.19,1783.71,5662.21,20000,9000,0.85,4186.74
105,waste_recovery,100740.55,11795.28,19012.19,1783.71,5662.21,10000,3000,0.85,532.6
105,transport_optimization,100740.55,11795.28,19012.19,1783.71,5662.21,12000,5000,0.75,726.22
106,renewable_electricity,7369.64,25175.81,8466.77,7192.67,11199.5,50000,18000,0.9,1911.63
106,energy_efficiency,7369.64,25175.81,8466.77,7192.67,11199.5,25000,12000,0.95,1500.34
106,recycled_material,7369.64,25175.81,8466.77,7192.67,11199.5,15000,7000,0.8,1616.26
106,material_efficiency,7369.64,25175.81,8466.77,7192.67,11199.5,20000,9000,0.85,2092.11
106,waste_recovery,7369.64,25175.81,8466.77,7192.67,11199.5,10000,3000,0.85,1904.79
106,transport_optimization,7369.64,25175.81,8466.77,7192.67,11199.5,12000,5000,0.75,1712.13
107,renewable_electricity,105136.48,14060.61,14414.22,5301.29,8541.97,50000,18000,0.9,27671.14
107,energy_efficiency,105136.48,14060.61,14414.22,5301.29,8541.97,25000,12000,0.95,20284.8
107,recycled_material,105136.48,14060.61,14414.22,5301.29,8541.97,15000,7000,0.8,2887.91
107,material_efficiency,105136.48,14060.61,14414.22,5301.29,8541.97,20000,9000,0.85,3617.16
107,waste_recovery,105136.48,14060.61,14414.22,5301.29,8541.97,10000,3000,0.85,1781.71
107,transport_optimization,105136.48,14060.61,14414.22,5301.29,8541.97,12000,5000,0.75,1103.51
108,renewable_electricity,72470.82,7911.71,3005.38,2689.44,11344.23,50000,18000,0.9,17154.13
108,energy_efficiency,72470.82,7911.71,3005.38,2689.44,11344.23,25000,12000,0.95,15875.22
108,recycled_material,72470.82,7911.71,3005.38,2689.44,11344.23,15000,7000,0.8,672.04
108,material_efficiency,72470.82,7911.71,3005.38,2689.44,11344.23,20000,9000,0.85,755.2
108,waste_recovery,72470.82,7911.71,3005.38,2689.44,11344.23,10000,3000,0.85,696.09
108,transport_optimization,72470.82,7911.71,3005.38,2689.44,11344.23,12000,5000,0.75,2145.21
109,renewable_electricity,120646.25,17543.14,4995.89,10564.02,16073.65,50000,18000,0.9,34797.94
109,energy_efficiency,120646.25,17543.14,4995.89,10564.02,16073.65,25000,12000,0.95,16806.09
109,recycled_material,120646.25,17543.14,4995.89,10564.02,16073.65,15000,7000,0.8,948.74
109,material_efficiency,120646.25,17543.14,4995.89,10564.02,16073.65,20000,9000,0.85,1409.15
109,waste_recovery,120646.25,17543.14,4995.89,10564.02,16073.65,10000,3000,0.85,2989.6
109,transport_optimization,120646.25,17543.14,4995.89,10564.02,16073.65,12000,5000,0.75,2688.73
110,renewable_electricity,50765.61,6495.75,12585.43,6015.49,25250.19,50000,18000,0.9,14221.68
110,energy_efficiency,50765.61,6495.75,12585.43,6015.49,25250.19,25000,12000,0.95,7919.12
110,recycled_material,50765.61,6495.75,12585.43,6015.49,25250.19,15000,7000,0.8,2170.71
110,material_efficiency,50765.61,6495.75,12585.43,6015.49,25250.19,20000,9000,0.85,3425.03
110,waste_recovery,50765.61,6495.75,12585.43,6015.49,25250.19,10000,3000,0.85,1712.36
110,transport_optimization,50765.61,6495.75,12585.43,6015.49,25250.19,12000,5000,0.75,2933.71
111,renewable_electricity,77212.13,10152.76,4201.48,5385.08,17744.68,50000,18000,0.9,19792.13
111,energy_efficiency,77212.13,10152.76,4201.48,5385.08,17744.68,25000,12000,0.95,12795.28
111,recycled_material,77212.13,10152.76,4201.48,5385.08,17744.68,15000,7000,0.8,750.98
111,material_efficiency,77212.13,10152.76,4201.48,5385.08,17744.68,20000,9000,0.85,1017.04
111,waste_recovery,77212.13,10152.76,4201.48,5385.08,17744.68,10000,3000,0.85,1750.42
111,transport_optimization,77212.13,10152.76,4201.48,5385.08,17744.68,12000,5000,0.75,2471.07
112,renewable_electricity,81906.41,2312.81,14656.58,1718.16,11015.89,50000,18000,0.9,22707.5
112,energy_efficiency,81906.41,2312.81,14656.58,1718.16,11015.89,25000,12000,0.95,14757.83
112,recycled_material,81906.41,2312.81,14656.58,1718.16,11015.89,15000,7000,0.8,2989.52
112,material_efficiency,81906.41,2312.81,14656.58,1718.16,11015.89,20000,9000,0.85,3152.38
112,waste_recovery,81906.41,2312.81,14656.58,1718.16,11015.89,10000,3000,0.85,500.96
112,transport_optimization,81906.41,2312.81,14656.58,1718.16,11015.89,12000,5000,0.75,1613.92
113,renewable_electricity,46195.89,15620.16,28681.92,343.04,12509.99,50000,18000,0.9,11686.82
113,energy_efficiency,46195.89,15620.16,28681.92,343.04,12509.99,25000,12000,0.95,9398.65
113,recycled_material,46195.89,15620.16,28681.92,343.04,12509.99,15000,7000,0.8,5329.49
113,material_efficiency,46195.89,15620.16,28681.92,343.04,12509.99,20000,9000,0.85,7597.18
113,waste_recovery,46195.89,15620.16,28681.92,343.04,12509.99,10000,3000,0.85,107.21
113,transport_optimization,46195.89,15620.16,28681.92,343.04,12509.99,12000,5000,0.75,2674.79
114,renewable_electricity,11313.7,15937.15,31869.73,2116.34,10017.47,50000,18000,0.9,2519.55
114,energy_efficiency,11313.7,15937.15,31869.73,2116.34,10017.47,25000,12000,0.95,2351.99
114,recycled_material,11313.7,15937.15,31869.73,2116.34,10017.47,15000,7000,0.8,7184.89
114,material_efficiency,11313.7,15937.15,31869.73,2116.34,10017.47,20000,9000,0.85,7586.21
114,waste_recovery,11313.7,15937.15,31869.73,2116.34,10017.47,10000,3000,0.85,727.71
114,transport_optimization,11313.7,15937.15,31869.73,2116.34,10017.47,12000,5000,0.75,1505.53
115,renewable_electricity,53793.59,28011.2,25653.17,11672.4,6850.8,50000,18000,0.9,15499.19
115,energy_efficiency,53793.59,28011.2,25653.17,11672.4,6850.8,25000,12000,0.95,6942.82
115,recycled_material,53793.59,28011.2,25653.17,11672.4,6850.8,15000,7000,0.8,4777.19
115,material_efficiency,53793.59,28011.2,25653.17,11672.4,6850.8,20000,9000,0.85,6847.03
115,waste_recovery,53793.59,28011.2,25653.17,11672.4,6850.8,10000,3000,0.85,3223.59
115,transport_optimization,53793.59,28011.2,25653.17,11672.4,6850.8,12000,5000,0.75,1136.28
116,renewable_electricity,79431.4,5974.56,32521.22,3088.66,8785.56,50000,18000,0.9,22777.39
116,energy_efficiency,79431.4,5974.56,32521.22,3088.66,8785.56,25000,12000,0.95,12518.0
116,recycled_material,79431.4,5974.56,32521.22,3088.66,8785.56,15000,7000,0.8,6887.54
116,material_efficiency,79431.4,5974.56,32521.22,3088.66,8785.56,20000,9000,0.85,8194.12
116,waste_recovery,79431.4,5974.56,32521.22,3088.66,8785.56,10000,3000,0.85,737.21
116,transport_optimization,79431.4,5974.56,32521.22,3088.66,8785.56,12000,5000,0.75,1623.67
117,renewable_electricity,96655.37,5094.2,43098.67,11959.11,16329.37,50000,18000,0.9,26699.71
117,energy_efficiency,96655.37,5094.2,43098.67,11959.11,16329.37,25000,12000,0.95,16966.5
117,recycled_material,96655.37,5094.2,43098.67,11959.11,16329.37,15000,7000,0.8,8469.52
117,material_efficiency,96655.37,5094.2,43098.67,11959.11,16329.37,20000,9000,0.85,9967.77
117,waste_recovery,96655.37,5094.2,43098.67,11959.11,16329.37,10000,3000,0.85,3159.97
117,transport_optimization,96655.37,5094.2,43098.67,11959.11,16329.37,12000,5000,0.75,2344.36
118,renewable_electricity,15841.36,7233.3,13092.94,445.26,6667.66,50000,18000,0.9,4286.84
118,energy_efficiency,15841.36,7233.3,13092.94,445.26,6667.66,25000,12000,0.95,2496.27
118,recycled_material,15841.36,7233.3,13092.94,445.26,6667.66,15000,7000,0.8,2372.31
118,material_efficiency,15841.36,7233.3,13092.94,445.26,6667.66,20000,9000,0.85,2892.61
118,waste_recovery,15841.36,7233.3,13092.94,445.26,6667.66,10000,3000,0.85,192.1
118,transport_optimization,15841.36,7233.3,13092.94,445.26,6667.66,12000,5000,0.75,1021.37
119,renewable_electricity,40365.89,22982.5,37715.34,9947.0,21997.9,50000,18000,0.9,12682.47
119,energy_efficiency,40365.89,22982.5,37715.34,9947.0,21997.9,25000,12000,0.95,6361.22
119,recycled_material,40365.89,22982.5,37715.34,9947.0,21997.9,15000,7000,0.8,7498.3
119,material_efficiency,40365.89,22982.5,37715.34,9947.0,21997.9,20000,9000,0.85,8815.18
119,waste_recovery,40365.89,22982.5,37715.34,9947.0,21997.9,10000,3000,0.85,3239.13
119,transport_optimization,40365.89,22982.5,37715.34,9947.0,21997.9,12000,5000,0.75,3635.99
120,renewable_electricity,64081.7,22300.86,5000.67,2919.07,9185.87,50000,18000,0.9,17855.01
120,energy_efficiency,64081.7,22300.86,5000.67,2919.07,9185.87,25000,12000,0.95,10914.37
120,recycled_material,64081.7,22300.86,5000.67,2919.07,9185.87,15000,7000,0.8,1122.04
120,material_efficiency,64081.7,22300.86,5000.67,2919.07,9185.87,20000,9000,0.85,1399.88
120,waste_recovery,64081.7,22300.86,5000.67,2919.07,9185.87,10000,3000,0.85,832.69
120,transport_optimization,64081.7,22300.86,5000.67,2919.07,9185.87,12000,5000,0.75,1442.79
121,renewable_electricity,68911.42,5927.21,20017.46,7496.88,11661.31,50000,18000,0.9,20303.53
121,energy_efficiency,68911.42,5927.21,20017.46,7496.88,11661.31,25000,12000,0.95,13798.57
121,recycled_material,68911.42,5927.21,20017.46,7496.88,11661.31,15000,7000,0.8,4304.06
121,material_efficiency,68911.42,5927.21,20017.46,7496.88,11661.31,20000,9000,0.85,5096.44
121,waste_recovery,68911.42,5927.21,20017.46,7496.88,11661.31,10000,3000,0.85,2605.37
121,transport_optimization,68911.42,5927.21,20017.46,7496.88,11661.31,12000,5000,0.75,1675.3
122,renewable_electricity,19975.61,18996.47,39774.09,876.14,16583.0,50000,18000,0.9,4905.67
122,energy_efficiency,19975.61,18996.47,39774.09,876.14,16583.0,25000,12000,0.95,3554.35
122,recycled_material,19975.61,18996.47,39774.09,876.14,16583.0,15000,7000,0.8,6403.11
122,material_efficiency,19975.61,18996.47,39774.09,876.14,16583.0,20000,9000,0.85,11034.72
122,waste_recovery,19975.61,18996.47,39774.09,876.14,16583.0,10000,3000,0.85,208.43
122,transport_optimization,19975.61,18996.47,39774.09,876.14,16583.0,12000,5000,0.75,2641.82
123,renewable_electricity,22852.04,3999.14,49724.2,5489.51,21761.36,50000,18000,0.9,7636.84
123,energy_efficiency,22852.04,3999.14,49724.2,5489.51,21761.36,25000,12000,0.95,3051.17
123,recycled_material,22852.04,3999.14,49724.2,5489.51,21761.36,15000,7000,0.8,10820.33
123,material_efficiency,22852.04,3999.14,49724.2,5489.51,21761.36,20000,9000,0.85,10611.55
123,waste_recovery,22852.04,3999.14,49724.2,5489.51,21761.36,10000,3000,0.85,1505.25
123,transport_optimization,22852.04,3999.14,49724.2,5489.51,21761.36,12000,5000,0.75,3914.81
124,renewable_electricity,90122.14,3084.98,3034.01,8246.87,9216.58,50000,18000,0.9,20805.79
124,energy_efficiency,90122.14,3084.98,3034.01,8246.87,9216.58,25000,12000,0.95,17454.84
124,recycled_material,90122.14,3084.98,3034.01,8246.87,9216.58,15000,7000,0.8,517.2
124,material_efficiency,90122.14,3084.98,3034.01,8246.87,9216.58,20000,9000,0.85,726.85
124,waste_recovery,90122.14,3084.98,3034.01,8246.87,9216.58,10000,3000,0.85,2208.12
124,transport_optimization,90122.14,3084.98,3034.01,8246.87,9216.58,12000,5000,0.75,1421.73
125,renewable_electricity,47090.41,6400.5,13191.28,7210.03,9545.47,50000,18000,0.9,13194.51
125,energy_efficiency,47090.41,6400.5,13191.28,7210.03,9545.47,25000,12000,0.95,8595.45
125,recycled_material,47090.41,6400.5,13191.28,7210.03,9545.47,15000,7000,0.8,2949.0
125,material_efficiency,47090.41,6400.5,13191.28,7210.03,9545.47,20000,9000,0.85,3641.72
125,waste_recovery,47090.41,6400.5,13191.28,7210.03,9545.47,10000,3000,0.85,1829.7
125,transport_optimization,47090.41,6400.5,13191.28,7210.03,9545.47,12000,5000,0.75,1758.4
126,renewable_electricity,57846.19,3699.28,28604.18,1609.81,18955.79,50000,18000,0.9,15993.59
126,energy_efficiency,57846.19,3699.28,28604.18,1609.81,18955.79,25000,12000,0.95,10148.41
126,recycled_material,57846.19,3699.28,28604.18,1609.81,18955.79,15000,7000,0.8,5817.05
126,material_efficiency,57846.19,3699.28,28604.18,1609.81,18955.79,20000,9000,0.85,7725.6
126,waste_recovery,57846.19,3699.28,28604.18,1609.81,18955.79,10000,3000,0.85,520.05
126,transport_optimization,57846.19,3699.28,28604.18,1609.81,18955.79,12000,5000,0.75,3439.64
127,renewable_electricity,46823.86,5667.99,15464.79,7441.64,4835.39,50000,18000,0.9,14573.53
127,energy_efficiency,46823.86,5667.99,15464.79,7441.64,4835.39,25000,12000,0.95,7455.03
127,recycled_material,46823.86,5667.99,15464.79,7441.64,4835.39,15000,7000,0.8,3344.02
127,material_efficiency,46823.86,5667.99,15464.79,7441.64,4835.39,20000,9000,0.85,4053.27
127,waste_recovery,46823.86,5667.99,15464.79,7441.64,4835.39,10000,3000,0.85,2028.69
127,transport_optimization,46823.86,5667.99,15464.79,7441.64,4835.39,12000,5000,0.75,772.68
128,renewable_electricity,5535.32,22062.61,47295.98,9064.28,12004.72,50000,18000,0.9,1422.02
128,energy_efficiency,5535.32,22062.61,47295.98,9064.28,12004.72,25000,12000,0.95,1023.33
128,recycled_material,5535.32,22062.61,47295.98,9064.28,12004.72,15000,7000,0.8,10128.62
128,material_efficiency,5535.32,22062.61,47295.98,9064.28,12004.72,20000,9000,0.85,12479.94
128,waste_recovery,5535.32,22062.61,47295.98,9064.28,12004.72,10000,3000,0.85,2598.7
128,transport_optimization,5535.32,22062.61,47295.98,9064.28,12004.72,12000,5000,0.75,1977.68
129,renewable_electricity,21814.78,20149.8,22029.15,9604.98,1129.83,50000,18000,0.9,6228.14
129,energy_efficiency,21814.78,20149.8,22029.15,9604.98,1129.83,25000,12000,0.95,2644.62
129,recycled_material,21814.78,20149.8,22029.15,9604.98,1129.83,15000,7000,0.8,4644.42
129,material_efficiency,21814.78,20149.8,22029.15,9604.98,1129.83,20000,9000,0.85,4748.16
129,waste_recovery,21814.78,20149.8,22029.15,9604.98,1129.83,10000,3000,0.85,2952.95
129,transport_optimization,21814.78,20149.8,22029.15,9604.98,1129.83,12000,5000,0.75,212.34
130,renewable_electricity,47250.95,18288.28,37915.23,3916.51,12547.19,50000,18000,0.9,12730.78
130,energy_efficiency,47250.95,18288.28,37915.23,3916.51,12547.19,25000,12000,0.95,8784.26
130,recycled_material,47250.95,18288.28,37915.23,3916.51,12547.19,15000,7000,0.8,8619.68
130,material_efficiency,47250.95,18288.28,37915.23,3916.51,12547.19,20000,9000,0.85,9662.83
130,waste_recovery,47250.95,18288.28,37915.23,3916.51,12547.19,10000,3000,0.85,1012.07
130,transport_optimization,47250.95,18288.28,37915.23,3916.51,12547.19,12000,5000,0.75,1572.81
131,renewable_electricity,31997.24,16903.28,21890.3,9568.65,12480.48,50000,18000,0.9,10399.27
131,energy_efficiency,31997.24,16903.28,21890.3,9568.65,12480.48,25000,12000,0.95,6464.94
131,recycled_material,31997.24,16903.28,21890.3,9568.65,12480.48,15000,7000,0.8,4367.07
131,material_efficiency,31997.24,16903.28,21890.3,9568.65,12480.48,20000,9000,0.85,5634.35
131,waste_recovery,31997.24,16903.28,21890.3,9568.65,12480.48,10000,3000,0.85,2724.9
131,transport_optimization,31997.24,16903.28,21890.3,9568.65,12480.48,12000,5000,0.75,1866.33
132,renewable_electricity,52048.79,9379.46,14291.57,2761.15,8451.91,50000,18000,0.9,17348.16
132,energy_efficiency,52048.79,9379.46,14291.57,2761.15,8451.91,25000,12000,0.95,9119.97
132,recycled_material,52048.79,9379.46,14291.57,2761.15,8451.91,15000,7000,0.8,2823.62
132,material_efficiency,52048.79,9379.46,14291.57,2761.15,8451.91,20000,9000,0.85,3063.24
132,waste_recovery,52048.79,9379.46,14291.57,2761.15,8451.91,10000,3000,0.85,720.07
132,transport_optimization,52048.79,9379.46,14291.57,2761.15,8451.91,12000,5000,0.75,1655.75
133,renewable_electricity,77672.55,2631.52,25610.79,7762.54,7935.94,50000,18000,0.9,21239.47
133,energy_efficiency,77672.55,2631.52,25610.79,7762.54,7935.94,25000,12000,0.95,12158.46
133,recycled_material,77672.55,2631.52,25610.79,7762.54,7935.94,15000,7000,0.8,4832.18
133,material_efficiency,77672.55,2631.52,25610.79,7762.54,7935.94,20000,9000,0.85,6563.23
133,waste_recovery,77672.55,2631.52,25610.79,7762.54,7935.94,10000,3000,0.85,2528.57
133,transport_optimization,77672.55,2631.52,25610.79,7762.54,7935.94,12000,5000,0.75,1125.95
134,renewable_electricity,78739.37,10995.32,19602.6,12783.36,19656.25,50000,18000,0.9,22064.79
134,energy_efficiency,78739.37,10995.32,19602.6,12783.36,19656.25,25000,12000,0.95,15866.43
134,recycled_material,78739.37,10995.32,19602.6,12783.36,19656.25,15000,7000,0.8,3496.82
134,material_efficiency,78739.37,10995.32,19602.6,12783.36,19656.25,20000,9000,0.85,4325.99
134,waste_recovery,78739.37,10995.32,19602.6,12783.36,19656.25,10000,3000,0.85,3356.52
134,transport_optimization,78739.37,10995.32,19602.6,12783.36,19656.25,12000,5000,0.75,3864.99
135,renewable_electricity,116911.17,23747.33,4699.22,8976.33,17208.24,50000,18000,0.9,37344.2
135,energy_efficiency,116911.17,23747.33,4699.22,8976.33,17208.24,25000,12000,0.95,20681.39
135,recycled_material,116911.17,23747.33,4699.22,8976.33,17208.24,15000,7000,0.8,952.18
135,material_efficiency,116911.17,23747.33,4699.22,8976.33,17208.24,20000,9000,0.85,1204.55
135,waste_recovery,116911.17,23747.33,4699.22,8976.33,17208.24,10000,3000,0.85,2636.05
135,transport_optimization,116911.17,23747.33,4699.22,8976.33,17208.24,12000,5000,0.75,3346.62
136,renewable_electricity,27464.59,16165.74,23881.32,6703.48,1653.43,50000,18000,0.9,8124.04
136,energy_efficiency,27464.59,16165.74,23881.32,6703.48,1653.43,25000,12000,0.95,5580.77
136,recycled_material,27464.59,16165.74,23881.32,6703.48,1653.43,15000,7000,0.8,4729.2
136,material_efficiency,27464.59,16165.74,23881.32,6703.48,1653.43,20000,9000,0.85,6152.37
136,waste_recovery,27464.59,16165.74,23881.32,6703.48,1653.43,10000,3000,0.85,1909.46
136,transport_optimization,27464.59,16165.74,23881.32,6703.48,1653.43,12000,5000,0.75,228.82
137,renewable_electricity,112792.68,22145.21,5811.21,7649.9,6349.08,50000,18000,0.9,36979.81
137,energy_efficiency,112792.68,22145.21,5811.21,7649.9,6349.08,25000,12000,0.95,19789.73
137,recycled_material,112792.68,22145.21,5811.21,7649.9,6349.08,15000,7000,0.8,940.65
137,material_efficiency,112792.68,22145.21,5811.21,7649.9,6349.08,20000,9000,0.85,1463.66
137,waste_recovery,112792.68,22145.21,5811.21,7649.9,6349.08,10000,3000,0.85,2154.25
137,transport_optimization,112792.68,22145.21,5811.21,7649.9,6349.08,12000,5000,0.75,1015.03
138,renewable_electricity,45613.66,27003.49,24503.3,2754.19,2940.94,50000,18000,0.9,14051.67
138,energy_efficiency,45613.66,27003.49,24503.3,2754.19,2940.94,25000,12000,0.95,8226.2
138,recycled_material,45613.66,27003.49,24503.3,2754.19,2940.94,15000,7000,0.8,3712.48
138,material_efficiency,45613.66,27003.49,24503.3,2754.19,2940.94,20000,9000,0.85,6792.34
138,waste_recovery,45613.66,27003.49,24503.3,2754.19,2940.94,10000,3000,0.85,708.46
138,transport_optimization,45613.66,27003.49,24503.3,2754.19,2940.94,12000,5000,0.75,553.27
139,renewable_electricity,72270.57,7532.54,43412.58,6364.6,1403.03,50000,18000,0.9,23858.56
139,energy_efficiency,72270.57,7532.54,43412.58,6364.6,1403.03,25000,12000,0.95,11702.14
139,recycled_material,72270.57,7532.54,43412.58,6364.6,1403.03,15000,7000,0.8,9290.61
139,material_efficiency,72270.57,7532.54,43412.58,6364.6,1403.03,20000,9000,0.85,10578.68
139,waste_recovery,72270.57,7532.54,43412.58,6364.6,1403.03,10000,3000,0.85,1830.24
139,transport_optimization,72270.57,7532.54,43412.58,6364.6,1403.03,12000,5000,0.75,103.03
140,renewable_electricity,29049.61,23103.63,7449.64,2558.62,12749.63,50000,18000,0.9,7888.33
140,energy_efficiency,29049.61,23103.63,7449.64,2558.62,12749.63,25000,12000,0.95,5029.04
140,recycled_material,29049.61,23103.63,7449.64,2558.62,12749.63,15000,7000,0.8,1625.76
140,material_efficiency,29049.61,23103.63,7449.64,2558.62,12749.63,20000,9000,0.85,2074.95
140,waste_recovery,29049.61,23103.63,7449.64,2558.62,12749.63,10000,3000,0.85,845.19
140,transport_optimization,29049.61,23103.63,7449.64,2558.62,12749.63,12000,5000,0.75,2153.96
141,renewable_electricity,81299.51,1423.57,46181.36,6808.45,18922.64,50000,18000,0.9,19294.53
141,energy_efficiency,81299.51,1423.57,46181.36,6808.45,18922.64,25000,12000,0.95,15699.56
141,recycled_material,81299.51,1423.57,46181.36,6808.45,18922.64,15000,7000,0.8,8790.59
141,material_efficiency,81299.51,1423.57,46181.36,6808.45,18922.64,20000,9000,0.85,12159.95
141,waste_recovery,81299.51,1423.57,46181.36,6808.45,18922.64,10000,3000,0.85,1854.21
141,transport_optimization,81299.51,1423.57,46181.36,6808.45,18922.64,12000,5000,0.75,3694.43
142,renewable_electricity,73396.61,26514.9,13908.3,7749.19,1034.11,50000,18000,0.9,20860.73
142,energy_efficiency,73396.61,26514.9,13908.3,7749.19,1034.11,25000,12000,0.95,14690.0
142,recycled_material,73396.61,26514.9,13908.3,7749.19,1034.11,15000,7000,0.8,3062.41
142,material_efficiency,73396.61,26514.9,13908.3,7749.19,1034.11,20000,9000,0.85,3378.01
142,waste_recovery,73396.61,26514.9,13908.3,7749.19,1034.11,10000,3000,0.85,2203.21
142,transport_optimization,73396.61,26514.9,13908.3,7749.19,1034.11,12000,5000,0.75,213.4
143,renewable_electricity,7062.63,17787.61,39159.26,10296.16,14356.04,50000,18000,0.9,2283.06
143,energy_efficiency,7062.63,17787.61,39159.26,10296.16,14356.04,25000,12000,0.95,1184.8
143,recycled_material,7062.63,17787.61,39159.26,10296.16,14356.04,15000,7000,0.8,5660.62
143,material_efficiency,7062.63,17787.61,39159.26,10296.16,14356.04,20000,9000,0.85,8605.68
143,waste_recovery,7062.63,17787.61,39159.26,10296.16,14356.04,10000,3000,0.85,2571.77
143,transport_optimization,7062.63,17787.61,39159.26,10296.16,14356.04,12000,5000,0.75,2066.11
144,renewable_electricity,50466.83,11241.28,34264.33,9519.42,14630.09,50000,18000,0.9,12608.26
144,energy_efficiency,50466.83,11241.28,34264.33,9519.42,14630.09,25000,12000,0.95,8428.38
144,recycled_material,50466.83,11241.28,34264.33,9519.42,14630.09,15000,7000,0.8,8009.42
144,material_efficiency,50466.83,11241.28,34264.33,9519.42,14630.09,20000,9000,0.85,7839.63
144,waste_recovery,50466.83,11241.28,34264.33,9519.42,14630.09,10000,3000,0.85,2812.26
144,transport_optimization,50466.83,11241.28,34264.33,9519.42,14630.09,12000,5000,0.75,1943.43
145,renewable_electricity,82876.81,8485.72,36858.2,4689.44,24351.27,50000,18000,0.9,23639.28
145,energy_efficiency,82876.81,8485.72,36858.2,4689.44,24351.27,25000,12000,0.95,11283.96
145,recycled_material,82876.81,8485.72,36858.2,4689.44,24351.27,15000,7000,0.8,7496.0
145,material_efficiency,82876.81,8485.72,36858.2,4689.44,24351.27,20000,9000,0.85,9901.78
145,waste_recovery,82876.81,8485.72,36858.2,4689.44,24351.27,10000,3000,0.85,1659.57
145,transport_optimization,82876.81,8485.72,36858.2,4689.44,24351.27,12000,5000,0.75,3992.72
146,renewable_electricity,65203.61,12223.9,26249.79,3852.81,6982.11,50000,18000,0.9,17411.0
146,energy_efficiency,65203.61,12223.9,26249.79,3852.81,6982.11,25000,12000,0.95,13030.34
146,recycled_material,65203.61,12223.9,26249.79,3852.81,6982.11,15000,7000,0.8,4961.77
146,material_efficiency,65203.61,12223.9,26249.79,3852.81,6982.11,20000,9000,0.85,6731.27
146,waste_recovery,65203.61,12223.9,26249.79,3852.81,6982.11,10000,3000,0.85,1210.54
146,transport_optimization,65203.61,12223.9,26249.79,3852.81,6982.11,12000,5000,0.75,1180.63
147,renewable_electricity,77483.16,28357.34,16629.28,11540.48,20017.02,50000,18000,0.9,21798.01
147,energy_efficiency,77483.16,28357.34,16629.28,11540.48,20017.02,25000,12000,0.95,16556.19
147,recycled_material,77483.16,28357.34,16629.28,11540.48,20017.02,15000,7000,0.8,3237.92
147,material_efficiency,77483.16,28357.34,16629.28,11540.48,20017.02,20000,9000,0.85,4243.37
147,waste_recovery,77483.16,28357.34,16629.28,11540.48,20017.02,10000,3000,0.85,3021.2
147,transport_optimization,77483.16,28357.34,16629.28,11540.48,20017.02,12000,5000,0.75,2660.83
148,renewable_electricity,111008.71,13646.85,22173.47,3304.9,13695.35,50000,18000,0.9,36144.59
148,energy_efficiency,111008.71,13646.85,22173.47,3304.9,13695.35,25000,12000,0.95,17652.58
148,recycled_material,111008.71,13646.85,22173.47,3304.9,13695.35,15000,7000,0.8,4386.18
148,material_efficiency,111008.71,13646.85,22173.47,3304.9,13695.35,20000,9000,0.85,4542.24
148,waste_recovery,111008.71,13646.85,22173.47,3304.9,13695.35,10000,3000,0.85,1015.48
148,transport_optimization,111008.71,13646.85,22173.47,3304.9,13695.35,12000,5000,0.75,2014.51
149,renewable_electricity,93000.54,11170.35,41226.13,10512.9,4366.24,50000,18000,0.9,26250.55
149,energy_efficiency,93000.54,11170.35,41226.13,10512.9,4366.24,25000,12000,0.95,14288.84
149,recycled_material,93000.54,11170.35,41226.13,10512.9,4366.24,15000,7000,0.8,7695.26
149,material_efficiency,93000.54,11170.35,41226.13,10512.9,4366.24,20000,9000,0.85,11191.55
149,waste_recovery,93000.54,11170.35,41226.13,10512.9,4366.24,10000,3000,0.85,3689.18
149,transport_optimization,93000.54,11170.35,41226.13,10512.9,4366.24,12000,5000,0.75,822.2
150,renewable_electricity,100235.65,1951.31,20470.9,10564.48,17545.08,50000,18000,0.9,25664.29
150,energy_efficiency,100235.65,1951.31,20470.9,10564.48,17545.08,25000,12000,0.95,21352.4
150,recycled_material,100235.65,1951.31,20470.9,10564.48,17545.08,15000,7000,0.8,5079.94
150,material_efficiency,100235.65,1951.31,20470.9,10564.48,17545.08,20000,9000,0.85,4516.62
150,waste_recovery,100235.65,1951.31,20470.9,10564.48,17545.08,10000,3000,0.85,3450.56
150,transport_optimization,100235.65,1951.31,20470.9,10564.48,17545.08,12000,5000,0.75,2639.16
151,renewable_electricity,105726.58,7693.73,26090.51,12092.89,810.97,50000,18000,0.9,30425.94
151,energy_efficiency,105726.58,7693.73,26090.51,12092.89,810.97,25000,12000,0.95,17094.29
151,recycled_material,105726.58,7693.73,26090.51,12092.89,810.97,15000,7000,0.8,4139.1
151,material_efficiency,105726.58,7693.73,26090.51,12092.89,810.97,20000,9000,0.85,6843.04
151,waste_recovery,105726.58,7693.73,26090.51,12092.89,810.97,10000,3000,0.85,3462.68
151,transport_optimization,105726.58,7693.73,26090.51,12092.89,810.97,12000,5000,0.75,77.61
152,renewable_electricity,69441.59,10783.72,14457.58,5623.99,4991.29,50000,18000,0.9,21179.15
152,energy_efficiency,69441.59,10783.72,14457.58,5623.99,4991.29,25000,12000,0.95,11446.6
152,recycled_material,69441.59,10783.72,14457.58,5623.99,4991.29,15000,7000,0.8,2561.52
152,material_efficiency,69441.59,10783.72,14457.58,5623.99,4991.29,20000,9000,0.85,3175.01
152,waste_recovery,69441.59,10783.72,14457.58,5623.99,4991.29,10000,3000,0.85,1550.43
152,transport_optimization,69441.59,10783.72,14457.58,5623.99,4991.29,12000,5000,0.75,779.94
153,renewable_electricity,33668.0,23959.64,45783.34,1156.08,24084.42,50000,18000,0.9,10954.51
153,energy_efficiency,33668.0,23959.64,45783.34,1156.08,24084.42,25000,12000,0.95,6450.41
153,recycled_material,33668.0,23959.64,45783.34,1156.08,24084.42,15000,7000,0.8,8984.41
153,material_efficiency,33668.0,23959.64,45783.34,1156.08,24084.42,20000,9000,0.85,8907.47
153,waste_recovery,33668.0,23959.64,45783.34,1156.08,24084.42,10000,3000,0.85,361.65
153,transport_optimization,33668.0,23959.64,45783.34,1156.08,24084.42,12000,5000,0.75,3726.57
154,renewable_electricity,87961.1,25714.21,7719.14,8313.04,19231.71,50000,18000,0.9,25002.11
154,energy_efficiency,87961.1,25714.21,7719.14,8313.04,19231.71,25000,12000,0.95,16627.95
154,recycled_material,87961.1,25714.21,7719.14,8313.04,19231.71,15000,7000,0.8,1451.3
154,material_efficiency,87961.1,25714.21,7719.14,8313.04,19231.71,20000,9000,0.85,1513.95
154,waste_recovery,87961.1,25714.21,7719.14,8313.04,19231.71,10000,3000,0.85,2757.85
154,transport_optimization,87961.1,25714.21,7719.14,8313.04,19231.71,12000,5000,0.75,2867.31
155,renewable_electricity,73282.78,14515.5,40846.24,4089.11,18304.74,50000,18000,0.9,20564.38
155,energy_efficiency,73282.78,14515.5,40846.24,4089.11,18304.74,25000,12000,0.95,14054.26
155,recycled_material,73282.78,14515.5,40846.24,4089.11,18304.74,15000,7000,0.8,8233.14
155,material_efficiency,73282.78,14515.5,40846.24,4089.11,18304.74,20000,9000,0.85,10186.88
155,waste_recovery,73282.78,14515.5,40846.24,4089.11,18304.74,10000,3000,0.85,1495.47
155,transport_optimization,73282.78,14515.5,40846.24,4089.11,18304.74,12000,5000,0.75,2721.11
156,renewable_electricity,16813.88,7286.15,15394.5,7916.92,4501.6,50000,18000,0.9,4254.31
156,energy_efficiency,16813.88,7286.15,15394.5,7916.92,4501.6,25000,12000,0.95,2509.51
156,recycled_material,16813.88,7286.15,15394.5,7916.92,4501.6,15000,7000,0.8,3159.39
156,material_efficiency,16813.88,7286.15,15394.5,7916.92,4501.6,20000,9000,0.85,3525.35
156,waste_recovery,16813.88,7286.15,15394.5,7916.92,4501.6,10000,3000,0.85,2716.07
156,transport_optimization,16813.88,7286.15,15394.5,7916.92,4501.6,12000,5000,0.75,817.84
157,renewable_electricity,125698.65,32202.3,40703.71,6164.43,6442.04,50000,18000,0.9,40995.79
157,energy_efficiency,125698.65,32202.3,40703.71,6164.43,6442.04,25000,12000,0.95,23746.24
157,recycled_material,125698.65,32202.3,40703.71,6164.43,6442.04,15000,7000,0.8,9290.02
157,material_efficiency,125698.65,32202.3,40703.71,6164.43,6442.04,20000,9000,0.85,10088.48
157,waste_recovery,125698.65,32202.3,40703.71,6164.43,6442.04,10000,3000,0.85,1965.61
157,transport_optimization,125698.65,32202.3,40703.71,6164.43,6442.04,12000,5000,0.75,845.42
158,renewable_electricity,50398.38,12608.99,11977.61,2384.2,13706.02,50000,18000,0.9,12338.06
158,energy_efficiency,50398.38,12608.99,11977.61,2384.2,13706.02,25000,12000,0.95,8692.85
158,recycled_material,50398.38,12608.99,11977.61,2384.2,13706.02,15000,7000,0.8,2265.41
158,material_efficiency,50398.38,12608.99,11977.61,2384.2,13706.02,20000,9000,0.85,2700.62
158,waste_recovery,50398.38,12608.99,11977.61,2384.2,13706.02,10000,3000,0.85,783.76
158,transport_optimization,50398.38,12608.99,11977.61,2384.2,13706.02,12000,5000,0.75,2286.91
159,renewable_electricity,46716.92,14401.41,14698.77,1189.3,9460.53,50000,18000,0.9,12041.21
159,energy_efficiency,46716.92,14401.41,14698.77,1189.3,9460.53,25000,12000,0.95,9571.78
159,recycled_material,46716.92,14401.41,14698.77,1189.3,9460.53,15000,7000,0.8,2624.52
159,material_efficiency,46716.92,14401.41,14698.77,1189.3,9460.53,20000,9000,0.85,2716.6
159,waste_recovery,46716.92,14401.41,14698.77,1189.3,9460.53,10000,3000,0.85,308.26
159,transport_optimization,46716.92,14401.41,14698.77,1189.3,9460.53,12000,5000,0.75,1393.12
160,renewable_electricity,5188.1,5776.89,5665.84,6737.54,8686.65,50000,18000,0.9,1354.7
160,energy_efficiency,5188.1,5776.89,5665.84,6737.54,8686.65,25000,12000,0.95,977.26
160,recycled_material,5188.1,5776.89,5665.84,6737.54,8686.65,15000,7000,0.8,996.44
160,material_efficiency,5188.1,5776.89,5665.84,6737.54,8686.65,20000,9000,0.85,1719.69
160,waste_recovery,5188.1,5776.89,5665.84,6737.54,8686.65,10000,3000,0.85,2340.18
160,transport_optimization,5188.1,5776.89,5665.84,6737.54,8686.65,12000,5000,0.75,1346.04
161,renewable_electricity,25466.46,17062.4,19312.76,4177.7,20861.94,50000,18000,0.9,8222.73
161,energy_efficiency,25466.46,17062.4,19312.76,4177.7,20861.94,25000,12000,0.95,5207.25
161,recycled_material,25466.46,17062.4,19312.76,4177.7,20861.94,15000,7000,0.8,3561.92
161,material_efficiency,25466.46,17062.4,19312.76,4177.7,20861.94,20000,9000,0.85,4426.55
161,waste_recovery,25466.46,17062.4,19312.76,4177.7,20861.94,10000,3000,0.85,1082.5
161,transport_optimization,25466.46,17062.4,19312.76,4177.7,20861.94,12000,5000,0.75,3817.08
162,renewable_electricity,26242.61,9289.89,49287.19,586.64,20543.92,50000,18000,0.9,6311.9
162,energy_efficiency,26242.61,9289.89,49287.19,586.64,20543.92,25000,12000,0.95,4620.19
162,recycled_material,26242.61,9289.89,49287.19,586.64,20543.92,15000,7000,0.8,10590.85
162,material_efficiency,26242.61,9289.89,49287.19,586.64,20543.92,20000,9000,0.85,14403.66
162,waste_recovery,26242.61,9289.89,49287.19,586.64,20543.92,10000,3000,0.85,123.54
162,transport_optimization,26242.61,9289.89,49287.19,586.64,20543.92,12000,5000,0.75,3470.0
163,renewable_electricity,98266.35,18780.02,22270.08,3626.01,2404.7,50000,18000,0.9,20173.81
163,energy_efficiency,98266.35,18780.02,22270.08,3626.01,2404.7,25000,12000,0.95,15423.51
163,recycled_material,98266.35,18780.02,22270.08,3626.01,2404.7,15000,7000,0.8,4143.68
163,material_efficiency,98266.35,18780.02,22270.08,3626.01,2404.7,20000,9000,0.85,5512.35
163,waste_recovery,98266.35,18780.02,22270.08,3626.01,2404.7,10000,3000,0.85,1247.22
163,transport_optimization,98266.35,18780.02,22270.08,3626.01,2404.7,12000,5000,0.75,443.24
164,renewable_electricity,84614.47,4746.11,41047.77,5618.37,7841.92,50000,18000,0.9,19380.47
164,energy_efficiency,84614.47,4746.11,41047.77,5618.37,7841.92,25000,12000,0.95,15840.92
164,recycled_material,84614.47,4746.11,41047.77,5618.37,7841.92,15000,7000,0.8,8484.98
164,material_efficiency,84614.47,4746.11,41047.77,5618.37,7841.92,20000,9000,0.85,10476.21
164,waste_recovery,84614.47,4746.11,41047.77,5618.37,7841.92,10000,3000,0.85,1457.48
164,transport_optimization,84614.47,4746.11,41047.77,5618.37,7841.92,12000,5000,0.75,1072.33
165,renewable_electricity,83529.91,4935.08,48750.68,6400.61,21528.58,50000,18000,0.9,27227.32
165,energy_efficiency,83529.91,4935.08,48750.68,6400.61,21528.58,25000,12000,0.95,13926.93
165,recycled_material,83529.91,4935.08,48750.68,6400.61,21528.58,15000,7000,0.8,10523.42
165,material_efficiency,83529.91,4935.08,48750.68,6400.61,21528.58,20000,9000,0.85,13412.01
165,waste_recovery,83529.91,4935.08,48750.68,6400.61,21528.58,10000,3000,0.85,1858.73
165,transport_optimization,83529.91,4935.08,48750.68,6400.61,21528.58,12000,5000,0.75,3567.52
166,renewable_electricity,76618.3,24387.54,42052.33,3855.09,14213.07,50000,18000,0.9,20920.47
166,energy_efficiency,76618.3,24387.54,42052.33,3855.09,14213.07,25000,12000,0.95,13591.31
166,recycled_material,76618.3,24387.54,42052.33,3855.09,14213.07,15000,7000,0.8,8062.72
166,material_efficiency,76618.3,24387.54,42052.33,3855.09,14213.07,20000,9000,0.85,8649.4
166,waste_recovery,76618.3,24387.54,42052.33,3855.09,14213.07,10000,3000,0.85,1323.97
166,transport_optimization,76618.3,24387.54,42052.33,3855.09,14213.07,12000,5000,0.75,2301.26
167,renewable_electricity,19130.75,3565.56,40762.18,3867.87,24040.21,50000,18000,0.9,5796.33
167,energy_efficiency,19130.75,3565.56,40762.18,3867.87,24040.21,25000,12000,0.95,3994.92
167,recycled_material,19130.75,3565.56,40762.18,3867.87,24040.21,15000,7000,0.8,7615.05
167,material_efficiency,19130.75,3565.56,40762.18,3867.87,24040.21,20000,9000,0.85,8803.6
167,waste_recovery,19130.75,3565.56,40762.18,3867.87,24040.21,10000,3000,0.85,1121.25
167,transport_optimization,19130.75,3565.56,40762.18,3867.87,24040.21,12000,5000,0.75,4119.61
168,renewable_electricity,23096.27,9501.3,46874.94,7900.94,10609.63,50000,18000,0.9,5631.78
168,energy_efficiency,23096.27,9501.3,46874.94,7900.94,10609.63,25000,12000,0.95,4309.17
168,recycled_material,23096.27,9501.3,46874.94,7900.94,10609.63,15000,7000,0.8,11382.96
168,material_efficiency,23096.27,9501.3,46874.94,7900.94,10609.63,20000,9000,0.85,10302.16
168,waste_recovery,23096.27,9501.3,46874.94,7900.94,10609.63,10000,3000,0.85,2463.02
168,transport_optimization,23096.27,9501.3,46874.94,7900.94,10609.63,12000,5000,0.75,1932.57
169,renewable_electricity,63539.15,25591.55,54923.41,6287.23,18281.85,50000,18000,0.9,16364.04
169,energy_efficiency,63539.15,25591.55,54923.41,6287.23,18281.85,25000,12000,0.95,9869.73
169,recycled_material,63539.15,25591.55,54923.41,6287.23,18281.85,15000,7000,0.8,10828.14
169,material_efficiency,63539.15,25591.55,54923.41,6287.23,18281.85,20000,9000,0.85,14335.72
169,waste_recovery,63539.15,25591.55,54923.41,6287.23,18281.85,10000,3000,0.85,1838.64
169,transport_optimization,63539.15,25591.55,54923.41,6287.23,18281.85,12000,5000,0.75,3102.63
170,renewable_electricity,54306.51,7870.65,43058.73,4426.42,11118.2,50000,18000,0.9,15653.78
170,energy_efficiency,54306.51,7870.65,43058.73,4426.42,11118.2,25000,12000,0.95,9351.85
170,recycled_material,54306.51,7870.65,43058.73,4426.42,11118.2,15000,7000,0.8,10254.7
170,material_efficiency,54306.51,7870.65,43058.73,4426.42,11118.2,20000,9000,0.85,10027.46
170,waste_recovery,54306.51,7870.65,43058.73,4426.42,11118.2,10000,3000,0.85,1459.28
170,transport_optimization,54306.51,7870.65,43058.73,4426.42,11118.2,12000,5000,0.75,2014.96
171,renewable_electricity,38537.36,8018.8,7096.69,8567.89,21169.46,50000,18000,0.9,9868.12
171,energy_efficiency,38537.36,8018.8,7096.69,8567.89,21169.46,25000,12000,0.95,7451.31
171,recycled_material,38537.36,8018.8,7096.69,8567.89,21169.46,15000,7000,0.8,1380.12
171,material_efficiency,38537.36,8018.8,7096.69,8567.89,21169.46,20000,9000,0.85,2100.4
171,waste_recovery,38537.36,8018.8,7096.69,8567.89,21169.46,10000,3000,0.85,2123.46
171,transport_optimization,38537.36,8018.8,7096.69,8567.89,21169.46,12000,5000,0.75,3279.82
172,renewable_electricity,120670.94,7019.23,50544.76,9637.36,17058.79,50000,18000,0.9,32726.05
172,energy_efficiency,120670.94,7019.23,50544.76,9637.36,17058.79,25000,12000,0.95,20560.36
172,recycled_material,120670.94,7019.23,50544.76,9637.36,17058.79,15000,7000,0.8,9435.16
172,material_efficiency,120670.94,7019.23,50544.76,9637.36,17058.79,20000,9000,0.85,12844.62
172,waste_recovery,120670.94,7019.23,50544.76,9637.36,17058.79,10000,3000,0.85,2831.76
172,transport_optimization,120670.94,7019.23,50544.76,9637.36,17058.79,12000,5000,0.75,2324.63
173,renewable_electricity,35623.71,8789.73,8823.83,3999.54,8497.22,50000,18000,0.9,8549.04
173,energy_efficiency,35623.71,8789.73,8823.83,3999.54,8497.22,25000,12000,0.95,6452.07
173,recycled_material,35623.71,8789.73,8823.83,3999.54,8497.22,15000,7000,0.8,1714.11
173,material_efficiency,35623.71,8789.73,8823.83,3999.54,8497.22,20000,9000,0.85,2008.41
173,waste_recovery,35623.71,8789.73,8823.83,3999.54,8497.22,10000,3000,0.85,1036.33
173,transport_optimization,35623.71,8789.73,8823.83,3999.54,8497.22,12000,5000,0.75,1475.24
174,renewable_electricity,91950.97,2387.99,35236.11,4131.47,7153.72,50000,18000,0.9,28411.52
174,energy_efficiency,91950.97,2387.99,35236.11,4131.47,7153.72,25000,12000,0.95,18461.43
174,recycled_material,91950.97,2387.99,35236.11,4131.47,7153.72,15000,7000,0.8,7951.57
174,material_efficiency,91950.97,2387.99,35236.11,4131.47,7153.72,20000,9000,0.85,8912.96
174,waste_recovery,91950.97,2387.99,35236.11,4131.47,7153.72,10000,3000,0.85,946.91
174,transport_optimization,91950.97,2387.99,35236.11,4131.47,7153.72,12000,5000,0.75,1206.87
175,renewable_electricity,24917.47,10022.05,4191.08,733.45,21649.39,50000,18000,0.9,7647.84
175,energy_efficiency,24917.47,10022.05,4191.08,733.45,21649.39,25000,12000,0.95,4366.54
175,recycled_material,24917.47,10022.05,4191.08,733.45,21649.39,15000,7000,0.8,821.75
175,material_efficiency,24917.47,10022.05,4191.08,733.45,21649.39,20000,9000,0.85,834.71
175,waste_recovery,24917.47,10022.05,4191.08,733.45,21649.39,10000,3000,0.85,135.4
175,transport_optimization,24917.47,10022.05,4191.08,733.45,21649.39,12000,5000,0.75,3756.36
176,renewable_electricity,83216.33,28353.22,32833.25,554.69,20859.0,50000,18000,0.9,19891.73
176,energy_efficiency,83216.33,28353.22,32833.25,554.69,20859.0,25000,12000,0.95,17107.26
176,recycled_material,83216.33,28353.22,32833.25,554.69,20859.0,15000,7000,0.8,6149.54
176,material_efficiency,83216.33,28353.22,32833.25,554.69,20859.0,20000,9000,0.85,7432.99
176,waste_recovery,83216.33,28353.22,32833.25,554.69,20859.0,10000,3000,0.85,216.72
176,transport_optimization,83216.33,28353.22,32833.25,554.69,20859.0,12000,5000,0.75,3214.59
177,renewable_electricity,26507.24,1719.08,27173.82,8145.99,15823.13,50000,18000,0.9,7761.65
177,energy_efficiency,26507.24,1719.08,27173.82,8145.99,15823.13,25000,12000,0.95,4497.79
177,recycled_material,26507.24,1719.08,27173.82,8145.99,15823.13,15000,7000,0.8,6029.43
177,material_efficiency,26507.24,1719.08,27173.82,8145.99,15823.13,20000,9000,0.85,7487.65
177,waste_recovery,26507.24,1719.08,27173.82,8145.99,15823.13,10000,3000,0.85,2675.93
177,transport_optimization,26507.24,1719.08,27173.82,8145.99,15823.13,12000,5000,0.75,2006.68
178,renewable_electricity,18067.13,3867.15,18726.89,8673.68,20408.68,50000,18000,0.9,5343.84
178,energy_efficiency,18067.13,3867.15,18726.89,8673.68,20408.68,25000,12000,0.95,2846.11
178,recycled_material,18067.13,3867.15,18726.89,8673.68,20408.68,15000,7000,0.8,3659.63
178,material_efficiency,18067.13,3867.15,18726.89,8673.68,20408.68,20000,9000,0.85,4882.96
178,waste_recovery,18067.13,3867.15,18726.89,8673.68,20408.68,10000,3000,0.85,2785.87
178,transport_optimization,18067.13,3867.15,18726.89,8673.68,20408.68,12000,5000,0.75,3288.68
179,renewable_electricity,27556.83,19903.42,24827.66,5357.52,3264.85,50000,18000,0.9,6501.23
179,energy_efficiency,27556.83,19903.42,24827.66,5357.52,3264.85,25000,12000,0.95,4639.4
179,recycled_material,27556.83,19903.42,24827.66,5357.52,3264.85,15000,7000,0.8,4897.04
179,material_efficiency,27556.83,19903.42,24827.66,5357.52,3264.85,20000,9000,0.85,5767.38
179,waste_recovery,27556.83,19903.42,24827.66,5357.52,3264.85,10000,3000,0.85,1587.82
179,transport_optimization,27556.83,19903.42,24827.66,5357.52,3264.85,12000,5000,0.75,431.6
180,renewable_electricity,78717.32,12578.97,45991.24,12059.13,13785.98,50000,18000,0.9,22600.52
180,energy_efficiency,78717.32,12578.97,45991.24,12059.13,13785.98,25000,12000,0.95,14570.97
180,recycled_material,78717.32,12578.97,45991.24,12059.13,13785.98,15000,7000,0.8,9003.68
180,material_efficiency,78717.32,12578.97,45991.24,12059.13,13785.98,20000,9000,0.85,10794.31
180,waste_recovery,78717.32,12578.97,45991.24,12059.13,13785.98,10000,3000,0.85,2874.28
180,transport_optimization,78717.32,12578.97,45991.24,12059.13,13785.98,12000,5000,0.75,2185.97
181,renewable_electricity,67973.94,12288.17,13825.27,2664.33,21804.94,50000,18000,0.9,18057.51
181,energy_efficiency,67973.94,12288.17,13825.27,2664.33,21804.94,25000,12000,0.95,12372.65
181,recycled_material,67973.94,12288.17,13825.27,2664.33,21804.94,15000,7000,0.8,2852.45
181,material_efficiency,67973.94,12288.17,13825.27,2664.33,21804.94,20000,9000,0.85,3877.7
181,waste_recovery,67973.94,12288.17,13825.27,2664.33,21804.94,10000,3000,0.85,862.52
181,transport_optimization,67973.94,12288.17,13825.27,2664.33,21804.94,12000,5000,0.75,2963.5
182,renewable_electricity,9206.84,9340.05,5833.77,2460.99,16771.33,50000,18000,0.9,2375.28
182,energy_efficiency,9206.84,9340.05,5833.77,2460.99,16771.33,25000,12000,0.95,1688.51
182,recycled_material,9206.84,9340.05,5833.77,2460.99,16771.33,15000,7000,0.8,1349.65
182,material_efficiency,9206.84,9340.05,5833.77,2460.99,16771.33,20000,9000,0.85,1484.23
182,waste_recovery,9206.84,9340.05,5833.77,2460.99,16771.33,10000,3000,0.85,845.84
182,transport_optimization,9206.84,9340.05,5833.77,2460.99,16771.33,12000,5000,0.75,2217.06
183,renewable_electricity,8572.91,30191.59,17731.19,3352.05,26624.74,50000,18000,0.9,1887.65
183,energy_efficiency,8572.91,30191.59,17731.19,3352.05,26624.74,25000,12000,0.95,1517.62
183,recycled_material,8572.91,30191.59,17731.19,3352.05,26624.74,15000,7000,0.8,3321.77
183,material_efficiency,8572.91,30191.59,17731.19,3352.05,26624.74,20000,9000,0.85,4958.42
183,waste_recovery,8572.91,30191.59,17731.19,3352.05,26624.74,10000,3000,0.85,1078.08
183,transport_optimization,8572.91,30191.59,17731.19,3352.05,26624.74,12000,5000,0.75,3242.81
184,renewable_electricity,17746.21,3698.06,17262.37,263.81,11827.56,50000,18000,0.9,5058.83
184,energy_efficiency,17746.21,3698.06,17262.37,263.81,11827.56,25000,12000,0.95,3576.19
184,recycled_material,17746.21,3698.06,17262.37,263.81,11827.56,15000,7000,0.8,3802.13
184,material_efficiency,17746.21,3698.06,17262.37,263.81,11827.56,20000,9000,0.85,4048.9
184,waste_recovery,17746.21,3698.06,17262.37,263.81,11827.56,10000,3000,0.85,90.9
184,transport_optimization,17746.21,3698.06,17262.37,263.81,11827.56,12000,5000,0.75,2038.04
185,renewable_electricity,43227.66,15437.7,42149.95,3407.19,12623.01,50000,18000,0.9,13528.36
185,energy_efficiency,43227.66,15437.7,42149.95,3407.19,12623.01,25000,12000,0.95,6830.21
185,recycled_material,43227.66,15437.7,42149.95,3407.19,12623.01,15000,7000,0.8,8347.2
185,material_efficiency,43227.66,15437.7,42149.95,3407.19,12623.01,20000,9000,0.85,10181.71
185,waste_recovery,43227.66,15437.7,42149.95,3407.19,12623.01,10000,3000,0.85,969.98
185,transport_optimization,43227.66,15437.7,42149.95,3407.19,12623.01,12000,5000,0.75,1572.74
186,renewable_electricity,45114.83,16189.7,19444.98,7132.6,12930.19,50000,18000,0.9,14147.67
186,energy_efficiency,45114.83,16189.7,19444.98,7132.6,12930.19,25000,12000,0.95,8428.9
186,recycled_material,45114.83,16189.7,19444.98,7132.6,12930.19,15000,7000,0.8,4314.55
186,material_efficiency,45114.83,16189.7,19444.98,7132.6,12930.19,20000,9000,0.85,4129.25
186,waste_recovery,45114.83,16189.7,19444.98,7132.6,12930.19,10000,3000,0.85,2264.08
186,transport_optimization,45114.83,16189.7,19444.98,7132.6,12930.19,12000,5000,0.75,2139.68
187,renewable_electricity,7826.76,22008.19,7673.71,5234.47,9294.92,50000,18000,0.9,2706.65
187,energy_efficiency,7826.76,22008.19,7673.71,5234.47,9294.92,25000,12000,0.95,1715.39
187,recycled_material,7826.76,22008.19,7673.71,5234.47,9294.92,15000,7000,0.8,1762.77
187,material_efficiency,7826.76,22008.19,7673.71,5234.47,9294.92,20000,9000,0.85,1954.13
187,waste_recovery,7826.76,22008.19,7673.71,5234.47,9294.92,10000,3000,0.85,1622.76
187,transport_optimization,7826.76,22008.19,7673.71,5234.47,9294.92,12000,5000,0.75,1775.81
188,renewable_electricity,38467.16,5371.74,37774.53,12535.28,1280.58,50000,18000,0.9,12596.86
188,energy_efficiency,38467.16,5371.74,37774.53,12535.28,1280.58,25000,12000,0.95,5933.63
188,recycled_material,38467.16,5371.74,37774.53,12535.28,1280.58,15000,7000,0.8,8331.56
188,material_efficiency,38467.16,5371.74,37774.53,12535.28,1280.58,20000,9000,0.85,10136.31
188,waste_recovery,38467.16,5371.74,37774.53,12535.28,1280.58,10000,3000,0.85,4232.03
188,transport_optimization,38467.16,5371.74,37774.53,12535.28,1280.58,12000,5000,0.75,211.04
189,renewable_electricity,34060.51,15725.82,5959.67,7966.88,3795.12,50000,18000,0.9,8511.31
189,energy_efficiency,34060.51,15725.82,5959.67,7966.88,3795.12,25000,12000,0.95,4806.34
189,recycled_material,34060.51,15725.82,5959.67,7966.88,3795.12,15000,7000,0.8,1362.79
189,material_efficiency,34060.51,15725.82,5959.67,7966.88,3795.12,20000,9000,0.85,1650.54
189,waste_recovery,34060.51,15725.82,5959.67,7966.88,3795.12,10000,3000,0.85,2249.2
189,transport_optimization,34060.51,15725.82,5959.67,7966.88,3795.12,12000,5000,0.75,599.59
190,renewable_electricity,67030.41,3570.17,44871.35,11307.25,21016.5,50000,18000,0.9,16374.26
190,energy_efficiency,67030.41,3570.17,44871.35,11307.25,21016.5,25000,12000,0.95,12419.69
190,recycled_material,67030.41,3570.17,44871.35,11307.25,21016.5,15000,7000,0.8,8454.78
190,material_efficiency,67030.41,3570.17,44871.35,11307.25,21016.5,20000,9000,0.85,10157.49
190,waste_recovery,67030.41,3570.17,44871.35,11307.25,21016.5,10000,3000,0.85,3526.66
190,transport_optimization,67030.41,3570.17,44871.35,11307.25,21016.5,12000,5000,0.75,3200.87
191,renewable_electricity,44482.88,25124.01,16594.56,7759.09,18053.75,50000,18000,0.9,12671.38
191,energy_efficiency,44482.88,25124.01,16594.56,7759.09,18053.75,25000,12000,0.95,8143.7
191,recycled_material,44482.88,25124.01,16594.56,7759.09,18053.75,15000,7000,0.8,3011.64
191,material_efficiency,44482.88,25124.01,16594.56,7759.09,18053.75,20000,9000,0.85,4079.76
191,waste_recovery,44482.88,25124.01,16594.56,7759.09,18053.75,10000,3000,0.85,2634.95
191,transport_optimization,44482.88,25124.01,16594.56,7759.09,18053.75,12000,5000,0.75,3650.19
192,renewable_electricity,99239.76,1237.67,15664.85,9365.45,20644.75,50000,18000,0.9,24532.07
192,energy_efficiency,99239.76,1237.67,15664.85,9365.45,20644.75,25000,12000,0.95,19180.08
192,recycled_material,99239.76,1237.67,15664.85,9365.45,20644.75,15000,7000,0.8,3220.45
192,material_efficiency,99239.76,1237.67,15664.85,9365.45,20644.75,20000,9000,0.85,3445.11
192,waste_recovery,99239.76,1237.67,15664.85,9365.45,20644.75,10000,3000,0.85,2491.55
192,transport_optimization,99239.76,1237.67,15664.85,9365.45,20644.75,12000,5000,0.75,3832.06
193,renewable_electricity,74087.31,14651.57,37689.97,10680.56,15150.57,50000,18000,0.9,21891.09
193,energy_efficiency,74087.31,14651.57,37689.97,10680.56,15150.57,25000,12000,0.95,14868.78
193,recycled_material,74087.31,14651.57,37689.97,10680.56,15150.57,15000,7000,0.8,6660.46
193,material_efficiency,74087.31,14651.57,37689.97,10680.56,15150.57,20000,9000,0.85,6454.43
193,waste_recovery,74087.31,14651.57,37689.97,10680.56,15150.57,10000,3000,0.85,3330.66
193,transport_optimization,74087.31,14651.57,37689.97,10680.56,15150.57,12000,5000,0.75,2402.84
194,renewable_electricity,78391.55,10516.23,36435.79,4273.86,12308.64,50000,18000,0.9,24155.1
194,energy_efficiency,78391.55,10516.23,36435.79,4273.86,12308.64,25000,12000,0.95,17704.0
194,recycled_material,78391.55,10516.23,36435.79,4273.86,12308.64,15000,7000,0.8,8172.86
194,material_efficiency,78391.55,10516.23,36435.79,4273.86,12308.64,20000,9000,0.85,9188.32
194,waste_recovery,78391.55,10516.23,36435.79,4273.86,12308.64,10000,3000,0.85,1258.99
194,transport_optimization,78391.55,10516.23,36435.79,4273.86,12308.64,12000,5000,0.75,2184.87
195,renewable_electricity,92442.56,18790.29,9495.41,6606.97,19372.19,50000,18000,0.9,31492.04
195,energy_efficiency,92442.56,18790.29,9495.41,6606.97,19372.19,25000,12000,0.95,16134.04
195,recycled_material,92442.56,18790.29,9495.41,6606.97,19372.19,15000,7000,0.8,2018.06
195,material_efficiency,92442.56,18790.29,9495.41,6606.97,19372.19,20000,9000,0.85,1982.01
195,waste_recovery,92442.56,18790.29,9495.41,6606.97,19372.19,10000,3000,0.85,1919.46
195,transport_optimization,92442.56,18790.29,9495.41,6606.97,19372.19,12000,5000,0.75,2190.45
196,renewable_electricity,21425.55,19225.14,35827.21,2524.73,13452.47,50000,18000,0.9,5572.45
196,energy_efficiency,21425.55,19225.14,35827.21,2524.73,13452.47,25000,12000,0.95,3940.34
196,recycled_material,21425.55,19225.14,35827.21,2524.73,13452.47,15000,7000,0.8,5868.12
196,material_efficiency,21425.55,19225.14,35827.21,2524.73,13452.47,20000,9000,0.85,8787.71
196,waste_recovery,21425.55,19225.14,35827.21,2524.73,13452.47,10000,3000,0.85,938.62
196,transport_optimization,21425.55,19225.14,35827.21,2524.73,13452.47,12000,5000,0.75,2666.42
197,renewable_electricity,68582.42,10971.41,26428.43,3578.52,20067.77,50000,18000,0.9,19457.4
197,energy_efficiency,68582.42,10971.41,26428.43,3578.52,20067.77,25000,12000,0.95,13568.52
197,recycled_material,68582.42,10971.41,26428.43,3578.52,20067.77,15000,7000,0.8,5094.13
197,material_efficiency,68582.42,10971.41,26428.43,3578.52,20067.77,20000,9000,0.85,6128.79
197,waste_recovery,68582.42,10971.41,26428.43,3578.52,20067.77,10000,3000,0.85,1221.03
197,transport_optimization,68582.42,10971.41,26428.43,3578.52,20067.77,12000,5000,0.75,3415.0
198,renewable_electricity,38131.98,21865.36,7461.91,3553.82,10811.69,50000,18000,0.9,11139.18
198,energy_efficiency,38131.98,21865.36,7461.91,3553.82,10811.69,25000,12000,0.95,6936.69
198,recycled_material,38131.98,21865.36,7461.91,3553.82,10811.69,15000,7000,0.8,1275.62
198,material_efficiency,38131.98,21865.36,7461.91,3553.82,10811.69,20000,9000,0.85,1920.49
198,waste_recovery,38131.98,21865.36,7461.91,3553.82,10811.69,10000,3000,0.85,1171.2
198,transport_optimization,38131.98,21865.36,7461.91,3553.82,10811.69,12000,5000,0.75,1912.12
199,renewable_electricity,66255.22,25767.91,16745.04,10553.53,9321.48,50000,18000,0.9,15630.06
199,energy_efficiency,66255.22,25767.91,16745.04,10553.53,9321.48,25000,12000,0.95,14061.07
199,recycled_material,66255.22,25767.91,16745.04,10553.53,9321.48,15000,7000,0.8,3399.17
199,material_efficiency,66255.22,25767.91,16745.04,10553.53,9321.48,20000,9000,0.85,3575.91
199,waste_recovery,66255.22,25767.91,16745.04,10553.53,9321.48,10000,3000,0.85,2785.01
199,transport_optimization,66255.22,25767.91,16745.04,10553.53,9321.48,12000,5000,0.75,1225.85
200,renewable_electricity,34495.36,7003.35,12479.41,8179.81,8818.19,50000,18000,0.9,11597.32
200,energy_efficiency,34495.36,7003.35,12479.41,8179.81,8818.19,25000,12000,0.95,7247.81
200,recycled_material,34495.36,7003.35,12479.41,8179.81,8818.19,15000,7000,0.8,2329.32
200,material_efficiency,34495.36,7003.35,12479.41,8179.81,8818.19,20000,9000,0.85,3587.72
200,waste_recovery,34495.36,7003.35,12479.41,8179.81,8818.19,10000,3000,0.85,2396.05
200,transport_optimization,34495.36,7003.35,12479.41,8179.81,8818.19,12000,5000,0.75,1576.34
